disagree wait congress wiped karnataka well,0,0
enamel come defend get translates enemy come defend gate,0,-1
half per torn mike wallace cin devant booker andre hopkins guy think also parker waiver might another possible option either way thanks advance,1,1
hope mean james may teresa may,-1,1
need james bond style movie pigeon,0,0
rama planning contest loksabha election,0,0
still think deadhead wager lax security came crew flying free released manifest yet,1,1
think culture play part although american dream may long con people afraid take plunge entrepreneurship think anybody well big mnc ready take plunge much india people proudly claim work deloittes hsbc people proud small business owner myriad law regulation help much either think holding back much indian mentality,1,1
woman hopefully advocate woman right feel party allowing triple talk bill passed,0,1
mandir ahin banayenge opposition clueless development rhetoric islamophobia,0,-1
big win rahul gandhi leadership guy great considering much time passed since became president inc,1,1
call final farooqui ama guy thanking internet freedom fighter,0,1
congress hold joint rally karnataka today address worker across location video conference day top story,1,1
day since air strike assuming weekday body counted per hour per minute quite slow mean air strike killed terrorist indian news take note underreporting number,-1,-1
economics history political science dharma never family forte preoccupation power hence corruption confusion mean end success moral election confusionscst act freeze loan waiver worked,1,1
file nomination live update,1,0
fiscal deficit increased,0,0
near radio nehrugandhis excelled business letting poor rise poverty line electoral victory weakened business making poor rich,-1,-1
give credit deserves one stealing credit scientist,-1,0
great idea dehumanize poor guy trying earn honest bread people realize people turn stone melting,1,1
hey guy hello india unrelated question wondering anyone could answer backpacking europe last month went cafe amsterdam smoked walking back hostel happened look side saw png video sound like high moon lol random open space think normal house behind flashing white dot dancing literally nobody around second thought tripping ball never hallucinated weed idea fuck clueless thanks,-1,1
india increase page tax elite one companiesindividuals worth million distribute money lower class people who yearly earning le global average,1,1
iso tech congress gave permission,0,0
sad hear thing one incident many like money power behind everything people wid money power guess future people literally called god such karla pamela young india aise kam nazi change wall,1,0
leftist use tech infrastructure made possible capitalist leftist forte strike business administration wonder socialistleftist country bankrupt capitalist create job ma would sell utopian dream,0,-1
look like three bother including prime minister india,0,0
indian saying bharatkelie aap politics code,0,0
curiosity sir pls average much lovely kata like cost,1,1
waist sha mohammed ape like sunday main magyar mere like toh who banda main jpeg,-1,1
pakistan complained eco terrorism bombing tree india kashmir pakistan environment iduskcn joke nothing violating air space,-1,-1
rahul,0,0
situation different working inc cpi party,-1,1
terrorist getting extinct,-1,-1
put every karachi store bengaluru karachi incident,0,0
vaibhav aggarwal slug,0,0
vow defeat form coalition centre,0,-1
want new hit nebula temporary rallying point give month forgotten significant fall terrorism kashmir pot kept boil see change pakistan action stance never change since kashmir high anti india rhetoric speech making indian side asia remove people state start moving kashmir handful policeman maintain peace,1,-1
who congress party,-1,1
run never hide get sooner later,0,0
