nation modi,0,0
alla columbia berkeley,0,0
amazed people support bjp act surprised cow drama thinking fair amazed bjp yet made big song dance ayodhya,1,1
preference life modi losing despite everything,0,-1
congratulation india mode address successful test antisatellite sat missile,1,1
epitome bakchodi wash modify wash,0,0
foreseen india become state something like russia modi helm much like putin good luck india need,1,1
fucking true modi cong bsp cpm tmc aap naval hui let isi,1,1
good try moronskeep trying horse baarmodi marker,1,1
know zuckerberg follow question modi mom impromptu,0,0
indian american follow closely think half story taking seriously signal said india would hindu nation also said world would hindu told sai baba ashram recall also famously predicted bruce harper rookie a selection offseason dismantling barge recently garlic retribution tabla dfa looking glass people,1,0
bought modi even though bought modi uber month ago use optical waste shipped tax,-1,-1
modoromi see next time mean next time going almost three year since manga ended still see anything new want see elementary school arc wholesome manga bad,-1,-1
mother brother got call aap saying modi marker removed around voter name voter list area kejriwal fighting voting right wondering true one party accusing another increase vote bank,1,1
people engaging voting much freedom expression hypocrite someone accused disingenuous trying side track issue calling beef ban reply never supported law kind ban limiting state role people life people spreading kind ignorance make tough buy cattle cow slaughter yes blanket ban cow slaughter nation wide people simply assuming blanket ban cow slaughter however issue current practice like enforcement law sale cattle cow slaughter like traceability cattle health issue well good article read restricts sale cow slaughter live animal market blanket ban provision ensures traceability html whether left center right seems like nobody interesting reading article people seem headline,1,-1
prove using analytical mean first need metric data define requirement,1,0
say observed called regency effect though particular fan bjp remember day could curse upa day remember kalmadi farmer suicide day even india junta want desperately throw country,-1,-1
something madarchod live country getting killed first place,1,-1
still bit confused yesterday takeoff mig piloted wing cmd abhinandan shot shot another pdf fighter custody released report another mig shot another pilot missing action legit update pilot,-1,-1
venue twitter whether washington post guardian reuters daily telegraph london reported near zero casualty balakote bombing except one villager critically injured shrapnel even mea briefing first day give figure,1,-1
never get tired copypasta legitimately best one,1,1
crisis fear disappearing obscurity taker bitten modi hate pak love hinduphobia shallow superficial mindset suffering acute low self esteem,-1,-1
ab agar modi gave divorce innocent wife i mein bhi congress haat honga,1,1
abi bhi time hai matt ley such ahin yoga tera time india shine modi kick corruption corrupt guy system demo may say,-1,0
absolutely going happen india right touring rural delhi either interacting limited subset perception bias let come back post election double gold right seeing mahagathbandhan going fuck bjp election cruising earlier even better first week announcement anymore,1,-1
absolutely right vote modi save future child,1,1
absolutely thinking cant say naa mode scheme sunset clause also help like mfb vaguely constructed ayushman,-1,1
adr survey clearly say people unsatisfied modi government performance matter much chowkidar chaiwala much blame near public sab anti hai,1,-1
adult india consider unemployment colossal issue country modi government provide direction economy youth country extremely disturbed disappointed clueless leadership,-1,-1
sat testing modi asks oval prepare draft space doctrine,0,0
sat testing modi asks prepare draft space doctrine,0,0
listening mode chowkidar speech society watchman shouting metro metro night,0,0
agree option bad sha better simple point pmk hoping ride modi wave exists pushing deserving candidate check place worship central mark constituency,-1,1
agree mam type sensibility modi say much black money deposited swiss account every indian get lac didnt promise gave example,-1,0
thanks modi,1,1
also fan modi due election pressure sad hai make statement however mean statement incorrect bored help sir noted sir tweet help given without meeting,-1,0
also proud scientist respected modi,1,1
amazing interview please watch interview clarify doubt modi govt,1,1
credit go toledo crore indian astra kayak shri modi made hindustanthe super power world jay congratulation,1,1
indian joking kick fascist modi that india,0,-1
still people believe india superpower le year rest world compete rocket mar flying car caste aware robot way ahead curve,1,0
modi,0,0
time started propaganda whatever modi oppose always find fault killnthe morale nation space debris may add hidden cost mission shaft,-1,-1
hope even hope defeat modi,0,1
thinking modi eyeing youth vote pub reference,0,0
andhra pulled nda chowkidar questioned corruption modi,0,0
anti modi bjp sagvis feel anti india,0,-1
idea modi stood varanasi naroda,0,0
anyone land strike air strike space strike one modi,0,-1
appreciate modi delighted cancyall raidsjoin basis darlingfollow preaching become hitler like,1,1
looking good educated prime minister like manmohan singh like back modi,1,1
following speech going board attack cr modi every speech contradicting day day speech speech hold barred attack,0,-1
saying modi,0,0
shin modi going everyday,-1,0
ask modi bjp leader,0,0
ask modi give indian possible modi least give every brave soldier died country know,1,0
atleast pak taken step happens minority india kill muslim become thats india murderer modi,0,-1
atleast shameless lady admitted modi great job launching anti satellite missile said would complain please check brain mam,1,0
awesome,1,1
awesome response sir karmayogi india blessed leader like modi india emerge former glory next year,1,1
back terrorist modi pakistan hashtag otherwise india remove earth,0,-1
bakchodi comedian put narrative student modi,0,1
barkhamr narendra modi represents india globally information world never took credit success praised motivated scientist voter need mind pls ask completed election,1,0
need critique criticism due namecalling doesnt help kanhaiya kumar antinational way modi isnt terrorist doesnt mean immune criticism right,-1,-1
believable expected stop pretending modi official appointed care democratic institution convention,1,1
believe wasting time justifying response view also wrong supported modi wrong ppl questioning support finally even said vote modi wrong,-1,-1
besides roy moore drama many win many libs btf swamp hollywood going,1,1
hai modi supporter check video modi never said wil deposit lakh every account said much money although agree way said misleading intention make look like deposit,1,1
big boy international community pleased sat want modi inch shaft mean minded lootpoliticians open want poor battered india living doe freeze fellow indian get run vote new india,1,0
biggest political take away mode interview first time year took kejriwals name kejriwal claim moral victory effort,1,0
bigneeded modi,1,0
bjp last time got seat bec modi please dont forgetwithout modi bjp would got le,-1,0
blatant usage money modi supporting page endorsed modi prop page spent crore ad free merchandise past one week money coming,-1,1
body modi india,0,0
bollywood going make movie say starring modi like creature,0,1
bombay high court hear plea release film narendra modi march,1,0
hindu muslim want remove modi see difference hindu worried petrol price muslim worried rohiniyas,0,-1
bsp want defeat bjp particularly bsp supported jaipur margin bjp would reduce vote modi wave sure loss bjp,1,0
bullet proof jacket ordered modi dec the material china patel statue china rafael order reduced higher price order taken away hal make india placed order arm,1,0
bunch idiot writing tweet applauding modi airstrike force shameless modi,-1,-1
modi gov said raghuramrajan also pseudo liberal right,1,0
medium spreading fake news blame bjp,-1,-1
scientist acknowledging modi political acumen praising approval never got upa taking decision right time modi,1,1
economic principle modi kind joke rose circle guy equivalent trivago guy zero thing show,1,1
one provide proof modi promised lakh every account jump canard created opposition,0,1
set aside political inclination accept done happened interest national security single man either modi anyone else reason carrying department analyse pro con,-1,1
never believe modi government,0,0
poor india afford space war million getting even square meal india priority war wondering modi vote,-1,-1
someone please say written seem read,0,0
cant think compare modi kim,0,0
cant wait mad titan hit theatre screen april modi biopic release there endgame look forward well,-1,1
channel like melting pot disgruntled element modi wait shear gupta tweet endorsing bark expert bakchodi comment,0,1
cho home last year yard aae time toh bhi aae dont compare lal singh wid modi wanna compare toh bjp candidate compare ko lal singh better,1,1
choir disguised chowkidar spotted bravely forged defense minister sign happens mode party,0,1
chowkidar choir hai need educated chain wall illiterate stupid blind bhaktoo anne baa modi promise demo,-1,-1
chowkidar narendra modi held number press conference past five year building chowkidar,-1,0
congratulation modi nation success mission shaft moment pride indeed hope opposition ask proof,1,1
damn like dislike ratio comment actually depressing thought would modi rock comment case,1,-1
dear indian prime minister shri render modi swath hai assure thanks,1,1
dear madam also read letter letter highlight liar mode govt released money farmer farmer,0,0
dear modi please make agricultural sector industry feel unemployment vanish time,0,0
dear afford kind corruption legitimate whatever want taxpayer money,1,1
modi selected date election gain,0,1
consult better yet live broadcast could interrupted modi announce milestone making historical event usa president want say something broadcast stop,1,0
didnt tell modi bjp leader instead throwing away modi staying mum,-1,0
din people lucknow cap video laura aap observation vipreet manual bill param hai social gathering without charged discussion election time impact modi gear maid like electrician tak everyone aware,1,1
discontent crew india modi rule ahead election,0,0
doesnt know mile stone shut achieved lot earlier also doesnt know change modify wont bahai ajayega,0,0
dont lia voted modi one voted modi never talk like talk hate towards,-1,-1
believe modi space personally collect proof see mission shaft success,1,1
ordo head clearly stated credit belongs modi simple reason support ahead clearance upa refused give today achievement would happenedcome modi hatred give credit role,1,1
dumb northwest love beef vigilante cow belt youth noble frustrated hope south bros bring govt sens,1,1
earlier used condemn india weapon test supporting great foreign policy modi govt,1,1
election history barring due emergency never ever much anger eagerness throw government office one modi,-1,1
equating modi india absolutely rubbish thought equating india anybody wrong many level,1,-1
even next recognize whereas modi national leader cbn compare counter modi perhaps poor cbn expressing wish bcm,-1,0
except large number indian people great unprofessional medium people everyone else usa israel russia italy japan saying india want grow india need modi,1,1
exist chairman get death threat jem praising modi india sat test via,0,-1
expected pakistan trying cover front citizen forget modi mapdata someone else india credit fact india done country guy dont gut brain crib cry,-1,-1
fair questioning treatment know people want extremist ruining country reputation unfair let someone like modi lead,1,0
fake news completely removed anti modi campaign edits reduce minute rest stretching add fake masala news echo career nhi,-1,-1
fan open modi fan open modithemed cafe tamil nadu thoothukudi via namo app,0,1
farmer still suicide failed that modi modi modi modi,-1,-1
feel govt changed narrative last moment something modi say,0,0
fetch vote modi shah possible lie habitual lie,0,0
finally motor mouth leader kicked congratulation best hope bjp run money guy need take decision else always hear har har modi,1,1
fir bhadkaya public such nazi mile image keep trying divide india vote modi,0,0
cooling people mode prime task vote gadkari said gave false promise get vote,-1,0
india cartoonist modi announcement launch flight creativity,0,1
surgical strike airstrike anti satellite missile give credit department raid blame modi suit,0,-1
forget year modi getting desperate take care parivaar gone mad,-1,-1
frightened modi bomb satellite wait something coming,0,-1
funny vote modi chowkidar choir hai,1,1
gareebi anne aap hate modi modi modi sir full gun blazing crowd going mad,1,-1
gave cleanchit narendra modi announcement big blow left liberal,0,0
give tight slap announcement sat missile capability modi poll code violation,-1,-1
glad modi pursuing line venturing break pak four agenda,1,1
good coast talk like true soldier yes expected guy good soldier time afraid pretender modi shah real india fact antithesis true india temporary phenomenon,1,1
good lata bless always indiana well respected modi namo vane mathrm,1,1
good work bjp,1,1
govt asked staterun bank rescue jet without pushing bankruptcy people govt told reuters narendra modi seek avert thousand job loss week election,1,0
great achievement modi needed willpower demonstrate strategic move important future war zone,1,0
great job ordo shame subway say modi govt achievement,1,0
great job sat shooting loworbital satellite give india antisatellite capability say narendra modi address nation isnt directed,1,1
great power modi,1,1
haha gas right gutter like modi said,1,1
haha release modi wont find place hide,1,1
hand also shake full gratitude modi cant compete energy stamen try working two continuous day like humour full body start shaking,1,1
already pledged support modi also believe use link pledge vote,0,1
elect educated people plus honest send people busy making money family interested voter made mla modi destroy country,1,1
listened many modi speech diction always clear interview clip arab saw struggling bit wordsthe last month must stressful life human,1,-1
heard modi saying anything like assume anything based news,0,1
height homelessness trying take credit ideally chief informed world,0,1
hell bent loose anti modi force pakistan india thrown india,-1,-1
hello modi sir big supporter bjp one big problem society facing last year living superweb velocity sector last two year bite around child old dog lover running ngo society,0,1
hello rajeev modi promised smart city update,1,1
hello share art belongs well,0,1
hey modifobia said mode agenda election growth security financial stability india others politician agenda removed modi word want remove growth stability country call people doesnt want india grow,-1,1
history serine bassirou back modi man malaysia via,0,0
hmmwill le visible mode grand oathtaking,1,1
hold dont blink last year modi govt class apart whats best nation people dawn new era governance corruption free transparent accountable modi govt set benchmark future,1,1
honorable chief minister fear defeat clearly seen face bjp leader among modi metal shah feared see defeat ahead,1,-1
honourable modi lover must subscribe channel tata sky channel,0,1
housing,-1,0
illiterate clown mariner modi ever sensible debating shameless wrench mariner modi speak lie spread rumorswhy dont come debate mapdata banerjee dare rally ndtv,0,-1
illogical stupid that announced bjp candidate south bangalore election india modi service provider dont like service kick power thats,-1,-1
inc nothing zero hence people chose bjpmodi stop asking question inc bjp need questioned and that still questioning inc forgetting rationale,0,-1
india blessed thirdlargest startup economy world gonna repay loan many vijay always many nav modi,1,1
india lot offer every way seems based plus always good relationship russia honest trade relationship trump america would wonderful mention awesome army could really combat terrorism together meant india russia israel walked room together isi btf kinda good news make happy,1,1
india opposition urge delay modi biopic election loom pass,0,-1
india shoot satellite joining space superpower modi breitbart,-1,-1
india stand tall space power narendra modi,0,0
indian court long history protecting hindutva terrorist whether modi swami aseemanand,-1,-1
india challenge become worse modi indian identified unemployment country biggest challenge let begin rebuilding india basis ancient value truth honesty let create job via,-1,1
irrespective candidate need look party bjp leader modi vote bjp,0,1
isnt selling soul unlike people isnt selling integrity unlike people importantly people bot dream others well started seeing impact dont like status quo challenged modi destroying dream blood sucking,1,0
expected modi broke mcc like foreign press discussing soviet connection election,-1,0
raghuram raja saying modi fraud,0,-1
lak modi marker recovered default npa maker upa imagine modi bjp wasnt power upa npa ud made like venezuela todaybegging braking world ud laughed economy,1,1
official contest apart first time ever contest poll seat polling wayanad meth apr may respectively modi contested seat,1,1
jaitleyis embodiment arrogance stupidity sycophacyshamlessness profound dumbness match modi,-1,-1
jammu pti hour ahead prime minister narendra mode first election campaign rally national student union india sui student wing,1,0
jimmy tulsa facto endorsing narendra modi wearing bjp sash smiling camera next vijay jolly fascist sympathizer come usa anti regime change war war hawk terrorism still dreaming,0,-1
give breaker twitter know destiny already written none stop modi coming power dont worry wikis band baja work retiring politics worry who as gonna lick election,0,1
tell prestigious institution modi built anything,0,0
wait entrance exam result come difference cut offs news category general category modi general category bad wall kata hai,1,-1
kanhaiyas enormous knowledge stupid sang match debate kanhaiya even take modi live debate given chance,-1,-1
karnataka say modi like tamil telugu say mood,0,1
knew already suggesting whole india got spine electing modi spine worthy,1,1
kumaraswamy modi destroyed institution dictatorship even election commission follows instruction,0,-1
lack sincerity accepting mistake fraud incompetence govern yet expect socalledurtypeofsincerity frm ind citizen watch real truth saga modi,1,-1
laga hai iso bhi modi nei established kia hai prakash guy asst prof sure he telling truth like mentor modi peru,1,0
last time shotgun loose bec modi lamar,-1,0
let light humour,1,1
let learn speak hindi first think debating median stop dreaming india advise better take care bengal else also hand,1,1
like trump modi hire russia get favourable verdict instead addressing nation feeble pretext sat missile conducting raid election process sort violation rio better humour election,0,1
like wont understand understand see modi react like,0,1
like optimism see losing half help bjp return power astrology may supporting modi momentum ground people laid back good sign,-1,1
living legend lata mangrshkar sings saungandh much mitt mai desk nazi mine dung poem penned dynamic shri modi goosebump listening jai hind,-1,1
lol bjp digging deeper grave tamilnadu deep going get core earth,1,0
lol dont worry jump remember modi said giving lakh every family sab sab madarchod hai scale,1,1
lol theresa may trying copy modi strategy,1,1
lol venezuela modi writing lakh crore corporate loan going get back,1,1
lol care say modi india,1,1
look fact say near knew modi increase budget antaryami,0,0
looking forward see footstep narendra modi sir,1,0
look like sunny hai sick karthik shit,-1,-1
losing capacity surprised anymore fuck seriously,-1,-1
love country select efficient leader like modi,1,1
low cash seizure eci pull agency agency getting park from modi indian public,0,0
admits abt son convicted leader abt moral authoritywhen defend father conviction call modi corrupt,-1,0
madam fyi whenever modi address nation call indian much unlike hard jignesh kanhaiya lingayats karnataka picture clear supported men really want see dividing hindu,1,1
madhavan air sarawak seen heard loud clear saying upa disaster credit go modi policy shift happened year ago case didnt notice,1,0
manmohan singh ji foreign policy reactive le proactive modi ji foreign policy productive engaging proactive sarah done commendable job making mea approachable common citizen,1,1
many ppl tel modi engineered attack talking ppl stay,1,-1
massive disclosure upper iso chief sarawak reveals government didnt give resource permission complete mission shaft credit modi nsa oval republic world via thanks,1,1
mean say dont think problem saying anti modi anti india violation free speech problem lie accuracy statement since agree hence argue shouldnt said,1,0
meanwhile republic arab screaming nation want know chowkidar narendra modi,1,0
memorable performance modi world theater day chowkidar becomes kalaakar world theatre day steal credit ordo,1,0
n chief raj thackeray asks prime minister narendra modi addressed nation effort work done scientist given opportunity share nation asked,0,1
modi chart sitting talkatora stadium making mockery country serious issue discussed facing country like unemployment farmer distress economy ruined,-1,-1
modi barony mean hum kiss barony nhi home hinduism human culture power etc fails world human knowledge such human sanskrit ved etc superpower anna bro nation,-1,0
modi give money rich give poor feel right feel right,1,0
modi anyone else bar set low,0,0
modi care india best try,1,1
modi clan better even trump good strong whats problem china pas footer,1,1
modi deserves curse cheated people india seating highest chair,0,-1
modi big surgical strike opposition,0,0
modi need people enough bloody hell poker head use mewaani greatest lie,1,-1
modi emi chesadu someone please tell,0,0
modi fake magician want believe,-1,-1
modi feel insulted cant attract crowd chant even paid one,-1,-1
modi everest campaigning,0,0
modi youth progress young ppl support modify bar modi marker,1,1
modi government proved foolish providing proof pakistan air strike,0,-1
modi government taking chance get extra year,0,0
modi govt really great thing give credit belongs,1,1
modi govt resisted june sep cbs demand spl pkg place sc yielded cbs pressure sep asked cbn give writing oct didnt find power undo mistake even tdp quit nda march slow class,-1,-1
modi govt right boycott pakistan national day celebration delhi via,1,0
modi govt affordable medicine scheme fails second audit le year via,-1,-1
modi govt request pull content social medium increase,-1,0
modi hai pumpkin hai indian railway station stunning beyond belief revamped station leave younbspawestruck,1,1
modi come countryman bring,0,0
modi done nothing make head bow shame cost repetition say proud supporter say vote gone waste proud that check mark,1,1
modi failed india highest level unemployment year,-1,-1
modi given clean chit modi,1,1
modi submerged every rule propriety moral code politics governance applauded clever speaks volume culture politics new india,1,1
modi unbroken world record three minute walked interview,0,0
modi implementing vision chrislamic world than hindu history remain distant memory,-1,0
modi isnt mistake,0,0
modi live,1,0
modi opposes dynastic rule india also opposes,0,0
modi please time start kia taro already delayed min,0,-1
modi put medium scanner rightly,1,0
modi regime total failure protecting national security ironically period surveillance citizen increased rapidly prof exist positive relation surveillance security,1,1
modi reversed stand sake election,1,0
modi series shirt tea cup condom bindisonly paper left alarming nation dont know,1,0
modi showed courage clear mission shaft say former ordo chief,1,1
modi slam opposition seeking proof terror strike,0,-1
modi speaking dynasty politics time promote leader bjp genuine person must announce candidate bjp win cruelty nation become year rule enough,1,1
modi successfully raised public debt lac crore lac croresemployment lostproductivity lost people trying competitive advantage receiving public brook trust stupidity voter,1,1
modi supreme confident good work people vote intelligent future progress country hand modi,1,1
modi trying doi kab jeetenge kab jeetenge nowhere chalk,0,0
modi want arrest person tomorrow frame fake case one thing happened tv sir,-1,-1
modi abhinandan incident happened party saying proud brought instead started saying abhinandan return,1,1
modi ruling party push presidential election via,0,1
modi make big difference country,0,0
modi winning electionssalute opposition good fight youre predictive,1,1
modi done,0,0
merimee myself and air,0,0
mode biggest strength opposition ignore even ignoring better option,1,0
mode mask coming disaster hidden false information never like loud mouth poor performance,-1,-1
mode mega rally uttar pradesh meet watch live ndtv,1,0
mode muchawaited big news drove india capture space power hardly found echo international medium one would expect hand congo opposition level event election stunt,-1,1
mode war environment india,0,-1
modi manufactured antipakistan wave india fool voter win election,1,0
mod businessmen copy fund election modi make decision favoring allocated high value govt project simple hypothesis,1,1
money spent sycophancy recovered official learn lesson job please politician may supporter modi sycophancy big,0,1
moon like question intellect common man say vote modi anti indian blasphemy ridicule democracy constitution,-1,0
must stopped pull kid ear may,0,0
name changed digital india kana dream india modi start dreaming,0,0
namo modi tell vision new indiafind video via namo app,1,0
narendra damodar modi want compare two son sun tell one thing son create destroy sun always destroy went near,-1,-1
narendra modi address nation shortly important announcement watch,1,0
narendra modi chokidar,0,0
narendra modi seek nod address election commission given cleanchit address,0,0
narendra modi edge rival digital outreach struck chord ravi shankar prasad,0,0
narendra mode public meeting pradesh,0,0
narendra mode real life story view mode official trailer,1,0
need strict sedition lawsdeath traitor even peace timeenough enough tolerate even day more would plaque anytime hit hard bury forevermodi govt isnt equipped jobintrospect chalk strategy,-1,0
near electrified village immediately independence forgot put switch modi,0,0
never said anything regarding hinduism mocking hijab show level intellect ran argument started mocking hijab easily use derogatory word mock religion make meme modi govt,1,-1
new gimmick change twitter profile name chowkidar narendra modi,1,0
new video newshour debate jds la call violence open threat modi supporter newshour debate march,1,-1
nav modi made death threat witness court told time india nav modi choose vijay malaga three jaipur jail maharashtra state let law work need feeling jail thats corrupt politician,-1,-1
nobody bad modi,-1,-1
anti modi basically functional brain thats capable decide good bad,1,0
coincidence anti modi muslim plenty chance turn sleeper cell isi jem never stronghold bjp definitely surge popularity bjp recently,-1,0
even single promise election talked modi rally easy fool nation,1,0
fan watching literally run away debate fail answer simple question hilarious represents truth behind modiveil real policy solution,-1,1
feared alert misadventure modi cost india unfortunately strategy ready pakistan isi watching,1,0
interested manifesto want narendra modi thats,0,1
modi speak nonsense,0,-1
surprised modi made announcement instead scientist surprised near mm missionary behind,-1,1
noteill vote modi him rational supporter modi,1,0
nothing else modi phobia,0,0
connect narendra modi directly namo get channel list image via ment,1,0
something say second defense establishment mention modi willingness missing upa government regime disciple like etc stop nonsense least,-1,0
come brain washed modi that choir chowkidar,0,0
impeccable shade,1,0
old gold narendra modi unable differentiate pineapple via,-1,0
one noble anti national blame modi,1,0
one roof time narendra modi govt housing scheme gamechanger reprint via,1,0
modi desk hai,0,0
noticed sarcasm tweet need wish modi applauding ordo,0,1
imagination modi done anything cheating poor farmer,-1,-1
opposition corruption free hue cry let dept work clean chit get chest thumb manufactured dictatorship theory modi,1,1
opposition much hatred modi cant even appreciate india success,1,-1
oratory skill leaf modi way behind,-1,0
modi,0,0
current least accountable prime minister year first give press conference first time history india cbi cbi rbi govt govt fight happened modi wanted control democratic institution,1,-1
modi answer unemployment situation india moreover know meaning employment job worked selling tea joined r r fed time without working know importance job employment,0,-1
mother land safe honourable modi,1,1
waist claim national level leader modi sitting say successful one,1,1
painting nav mode collectionuntitled oil canvaspic gaitonde sold coil canvas depicting maharaja tranvancorehis younger brother welcoming richard templegrenville duke buckinghampic sold,0,1
pakistan good job whole delay releasing video heavily edited seems forced good job shooting foot peace talk as,1,1
patna listify prasad save seat modi losing stunt get vote,0,0
people like continuing talk modi,0,1
personally attack modi dont care dont question army pak gave proof even died,0,-1
planning minimum income scheme also credit go modi give reason nda government maintaining fiscal discipline gst demonisation country healthy balance sheet treasure empty,1,1
please dont vote co unhappy choice secular govt hopefully regional party well represented mean voice heard modi medal,-1,1
please get modi defeated,0,0
pnzz bus lapse summed haiku hum logo like aap urge ipl help mepehle bar lapse such mag race haiyogi modi bjp marker,0,1
modi asked people assam opposed india ever work assam neck deep votebank politics ever protect culture assam people assam said,0,1
power modi,0,0
per need good performance going start martin need bigger performance probably seattle option group coleman booker meredith lewis,1,1
premalatha said modi behind pulwama attack whats bro,-1,-1
prime minister narendra modi address rally moran gopher today,0,0
prime minister narendra modi address two election rally west bengal april firstpost,0,0
probable message modi took revenge,0,-1
prop page lure voter freeze vote bjp spent lakh week political ad page offer attractive prize body form namo merchandise anyone pledging vote modi read,1,1
proud chowkidar modi rally rudrapur people say main bhi chowkidar via namo app,1,1
proud narendra modi,1,1
provide proof start investigation state power guilty modi thrown bihar cell next main,-1,-1
bullet pak want lose say modi shotgun join cong via jioxpressnews,1,0
quite clearly hurry establish nda govtpmo didnt act fraudster list quite nicely corrected hurry paint modi bad light shame,1,1
rafael paper stolen body terrorist killed ballot stolen lakh account stolen mode degree certificate stolen mode marriage certificate stolen brain bjp supporter stolen,-1,-1
raga modi deliberately destroyed satellite transmitting favorite logo channel tommy,1,0
raga information booking paper say every minute people lifted poverty india implies many program launched modi yielding result seeking vote cooling voter forget smarter,1,0
rajeev desa say political master chose otherwise answerable ordo yet high mighty government pid say modi government nothing today test think choice word creep,1,0
raven him army also taking modi,0,0
read news modi real surgical strike kumaraswamy raid karnataka minister residence,1,0
rewind mar die old die new narendra modi,1,-1
right today fraud modi prof he completely host dhoongi patriot,1,-1
sadly think anyone moment hopefully someone new come great chance since went full regard seat currently vacant mind modi considered potential took close year performance image building hopefully plenty choice future,-1,1
sadly breakthrough launch dont fit propaganda cropped crucial golden period iso lure master get payment bash modi,1,-1
salute goodness need modi country make sure local bjp leader varanasi available public listen politely got hear rude behavior local banana leader public bindhyachal singh core bjp voter,1,0
sam donaldsons observation trump match modi india word word india waiting see election indian want,1,0
distributed modi shah,0,0
sarawak said upa wasnt positive mission hence didnt forward hand nda modi gave green signal,-1,-1
sat hit live narendra modi,1,0
scientist fighting election modi,0,-1
see modi,0,0
see modi made rich modi,1,1
see thought instance thor magna dying like raging one son perished going see thor glory point,0,1
seems modi fake account,-1,-1
seriously modi wasted yr trying statesman,-1,-1
accusing sting showed,1,0
right modi called liquor cocktail,1,0
shift fed bakery yoga became main campaigner modi,1,0
sold modi win promise take side doesnt care country power modi win beat game,1,1
shooting practice tamil chief minister say know believe order came somewhere implemented point alliance modi,0,0
vote modi need coating urea,0,0
show idiot indian modi,-1,-1
since choir modi sending income tax officer raid today,0,0
since see many people questioning modi announce indirectly saying claimed credit untrue never even used bjp onceguys minister responsible department space none,1,1
sincere wish doesnt end failure modi declared mission,1,1
since couldnt find intellectual backing mode performance,1,-1
sir dont waste time pray hit jackpot hydrocarbon massesoil gas huge slap puppet pakistan wil win modi funded puppet lose,1,1
sir present scenario leader party trust modi optionjust col kannada board metro cant give country kid fool etc,-1,1
sir support modi time,0,1
sir vote go modi,0,0
sirramlakan singh election begusarai belongs bihar vote divide modi agenda work,0,0
leftliberals say indian society read hindu never punished modi didnt price conscience people forget bjp lost poll definitely sole reason imo played role vajpayee believed,0,1
someone forced watch channel yes rail personal grudge modi dont know election perception propaganda mental turbulence receiving fascist trait,-1,-1
sorry think mama kind bigger dictator modi,-1,1
sorry wrong seen modi press conference seen modi answering tough question lavish piano,-1,-1
spit modi raj,1,0
supporting modi bjp,1,1
sure agree modi weak act corruption thats take commission,1,0
sure matter many complaint filed violation moral code conduct take action modi bjp violation the new name modi code conduct,1,-1
swamp one favourable leader honest great economist clear speaker view skill knowledge utilized far wish see finance minister modi govt next session,1,1
tamil nadu full half baked idiot cannot think anything ever pagutharivu live another planet modi becomes start bladder time em thought like,1,0
maroon worried credit point lost word modi making use inefficiency program upa initiated earned nothing abruptly stopped please fringe element,-1,0
tejasviyou wrong south bengaluruhad lot hope young leaderbut lost people modi cant branded antiindia need rethink whether vote bjp time,1,-1
tell something new saying already implemented modi government,1,0
thanks moditeam,-1,1
thanks scientist modi ii,1,1
thanks thanks bjp modi,1,1
modi able change india bring insulting low level indian provide proof indian country,1,-1
logic mode cabinet thrown starting prime moon,-1,0
mean ndtv follower think pakistan diplomatic war indian ballot true bro pakistani huge global pressure releasing abi due excellent diplomatic strategy modi govt dont spread half true,1,1
good photoshop screen,1,1
topic must praise narendra modi bjp propagate falsehood fabricated statistic suppress misdeed bjp top leader,1,1
thats proud modi sport,1,1
modi announced,0,0
best best sri narendra modi pm india influential distinguished mind india world join always best nation best bjp india join,1,1
biased paper anti modi hence considered evidence,0,-1
chaos better destruction unleashed modi,1,-1
conspiracy hindu terror investigated modi marker assume office otherwise till great injustice hindu,1,-1
content factual imagine showing modi positive figure nowhere near fact cooling everyone,1,1
country fucking stupid quite time,-1,-1
hate directed brought gravy train grinding halt desperate panic attempt gather together mahathugbandan reveals single point agenda dislodge modi return good old day free loot screw people,-1,-1
new india mad modi mit oval,-1,-1
northeast lotus first blooded arunachal pradesh narendra modi rally state,1,0
people could ensure indian bank account trusted put money account modi mathomme,0,1
point raised chfawad hussain considered strong compelling think who teaching democracyneedless style speech robust retortits time think everybodydue modi regime khan eye hum,1,1
pressure country modi writing love letter,1,1
canada raga worker dre modi yesterday say,0,0
sheet irony radio people saying attacked criticising modi yet anyone putting forward counterargument critic downvoted oblivion,0,-1
time keep wake modi would already given live interview arab time twitter mudslinging would soon start,1,0
youngest right factory defends murder gauge lake distribute certificate patriotism say modi anti national need shut door like defend democracy country think vote,0,-1
come margin stop bravery list achievement else count day numbered,-1,0
government given award corrupted state corruption youre government modi,0,1
sold election mm modi international scale awesome see command,1,1
modi check follower since,-1,0
worried let tell modi best capable,1,1
cricketer working another state city ravichandran shin tweet request modi ipl season ndtv,0,0
comparison modi speaking skill keep crowd spellbound rally statesman rarely seen today india really difficult beat oratorical skill india need modi longer stay better would,1,0
immediate need test sat capability time saying ordo conducted test modi told ordo election near claiming even ordo corrupt haha,-1,1
kind educated illustrates tweet hate modi doesnt know pakistan close indian capability isnt supporting india support pakistan,1,-1
missed thin fine line anti modi anti india,1,-1
offer ticket one threatened chop modi fraud lie deceit,0,-1
think mistook modi eyesight good,1,1
think plan get publicity win contesting modi varanasi mean people eup know activity fact national medium also cover allow spread propaganda across nation,-1,1
fool pimp giving credit previous iso venture upa modi claiming getting burn as,-1,0
guy bos modi would top generator,1,0
mode vision job growth seen past year,-1,1
promising modi mind,1,1
intellectual meme,1,1
announcement space super power sure nation indebted election give modi free ride outer space,1,1
result modi lot others honest patriot dedicated leader including via cabinet state progressing country whole still state corruption rampant requires strict measure check evil,-1,0
thread exactly reason political climate sucked people chosen team need reason season criticize team cheer team tough think big party pretty much except one two difference suspending government official stupid reason preserve single party,-1,1
time mood people clear want every corner india modi modi slogan heard,1,1
video good modi wood sabaass band hai dam vane mathrm congreso get hindustan,1,1
way cow telling need ga rakshak spread violence name gua rakshak,-1,-1
who modi opposition,0,0
world capacity execute respected plain word modi leader country took decision test sat stand alongside committed scientist brought fame space super power,1,1
asking funding re subsidy may want ask question mode subsidy,0,0
time modi,0,0
extend support modi saying kapil jee spoke many people across found one resistance come,1,1
true picture promoting scientific picture modi promoting yoga goal,1,1
true modi badly failed create job,-1,-1
unable form government given bjp alarming lack principle people steadfast belief messiah highly doubt would probably resign modi hasn opposition leader ever start,-1,-1
modi india world top sexual harrassment woman,1,0
use sanitary pad hempushpa help dont choice scratch as fool together modi coming back,0,0
good story nigerian film industry heard narendra modi recently sacked speech writer looking someone fill place,1,1
important modi politics propaganda continue frog keep jumping killing frog end topic propaganda,1,-1
visionmission modi,1,0
vote modi honest prime minister,1,1
vote modi marker,0,0
wake mam modi sitting opposition,0,0
want appointment modi sir,0,0
want modi and,0,0
war criminal rush minority mass murderer expect,-1,-1
enough get idea west bengal general election bjp going win plus seat sure malta also inclined modi,1,1
laughing modi meme that asked sarcastically modi loses election guy entertainment next year right modi loses khan mile ina content,-1,0
talking cab driver delhi clear hardworking person selfrespect work kid education vote modi understands laluprasad temporarily joined hand loot india,1,1
watch election modi government good,1,1
watch happened broadcast modi address public meeting gopher assam dial,0,0
way yesterday flop rally cr secunderabad rally called modi coming,0,-1
chowkidar modiwho banned enter united state america due terrorist activity history profile,-1,-1
people get morning pray modi loose respect father saying,-1,1
modi shah spring surprise god level,0,1
election commission releasing film modi credit instalment nissan romana beneficiary speech mission shaft review wage mgnrega beneficiary,0,1
joke yr ppl landing plus ppl vote joke support modi bc men mission,0,1
key word make promise well know con grass done never able become anyone sick dynasty another modi term make sure dynasty indian political narrative,-1,1
know modi get involved book cg coalgate august national herald land scam etc,0,-1
let get clear showed gut risked political career done past focused diplomatic push modi definitely need get credit along armed force,-1,1
superficial response crazy eyed could respond methodical argument point point ran old sterile rhetoric segmental utopian society achieved modi kanhaiya slaughtered joker,-1,-1
understood liberal song united opposition following modi great job taking bold decision dont tell nation great job hurt want good job never say,1,1
would difference inc bjp inc took politically short sighted view started rehabilitate bjp brass caused rise outright communal fascist like nasa modi full blown poisonous tree today planted seed,1,-1
encouraging voter vote strengthen democracy there nothing void antibody hang whatever say best ignore sir,1,1
mean tried credit decision modi alone took decision decision upa didnt take,-1,0
whatever video correct statement modi anything extra printed newspaper totally fabricated misleading know medium twist word mislead people brother upto take nothing say,1,-1
whats stand modi breaking code conduct,0,0
bhakhts say vote modi visa,0,0
entire country celebrating great achievement ordo scientist appreciation govt modi great fun watch about gang panelist severe heart burn today debate,1,1
surgical strike happens give credit militarywhen air strike happens give credit airforce satellite launch give ordo way tax ride give credit dept give credit modi whatever doi good,1,1
joining contest election deserve ordo chief mission shaft upa give nod modi courage india news indian express,0,1
thing acb ride bjp politician corrupt politician want blame modi blame become stronger corruption fear clean party dont disturbed dept,-1,1
downed satellite visit website see india could provided proof also modi liar hard believe anything say,-1,-1
kind tutte understand happen plz modi plz plz plz plz plz plz make rule,1,1
whether like modi come back maybe le mandate hell back,-1,-1
when change remaining pink note modi nation address,-1,0
ayyash give money poorest poor ayyash word suit modi lac suit mushroom moved gcc dress change day got wrong mowugly cant get anything right even save life,-1,-1
bjp keep cooling love cow india consistently maintained position largest beef exporter world day narendra modi assumed office,1,1
modi advance,0,0
calling modi,0,0
contest modi,0,0
everyone calling modi war game person made decision airstrikes one behind intelligence done iaf based intelligence information modi necessary education military procedure intelligence ability order make strike actually none politician army stop crediting force strike modi guy bench far left thirst beating calling failure based unreliable medium information enemy one know happened ballot except pakistani army indian army none released credible information evidence prove disprove damage edit might take credit taking credit army orchestrated strike even surgical strike suggest reply comment indian pakistani user invaded sub since yesterday,-1,-1
everything seen politically isle kya politics modi made announcement gave credit scientist,0,1
modi always try make fool,0,-1
modi could address press conference would became better thing naa,1,1
modi silent dollarrupee,-1,0
would mobilization lead money modi albania one money,0,0
consider every critique anti modievery human mistake one perfect input could genuine route calling name everyone doesnt agree different dynastic party one,1,0
decided fight joining seat delay adjustment happening anand report joining party read,0,0
modi govt ensure good involved mob get death sentence venous crime surely create panic cast vote muslim bjp win,1,1
shameless open mouth good watching movie modi,1,0
tweet like dollar modi reelected round yet,0,1
modi around need april fool day india celebrating since year everyday modi day tomorrow,-1,0
wonder modi going take credit gold medal sack race school,0,1
wonder people lose eyesight modi hate,-1,-1
surprised someone suggests narendra modi india world cup,1,0
worldsthe best prime minister narendra modi child head feeling proud done spin team bengaluru,1,1
wow scientist speaking vapor language indeed mode india,1,1
yeah let turn war cry unification flag routine canal mastering barely comfortable flight,1,-1
yechury give modi airtime,0,0
yes remember vote modi,0,1
hate modi hindustani love bec love hindustan,1,1
biggest idiot done nothing commenting others atleast done something hell done bastarddhokla asaduddin waist double beef attack modi ndtv,-1,-1
complaining modi modi,0,0
concerned song allianceany modi win seven seatsdelhiites wiser called journal,1,1
sure ahead file case give document peasant bhutan mind suing modi others involved anyone corrupt spared whether friend foe,0,0
believe evaluate specifically modi need use hindurashtra hindutva sell bjp ideal actively discourage urge people attack minority right pulwama hold televised press conference,1,0
read thread read thread modi work main stream medium never show laugh reading per see soon,1,-1
cant underestimate modi influence andhra underline influence modi,0,0
guy hopeless always climbing modi doesnt anything anything fear innocent fear justified isnt,1,1
ask reporting lukewarm response modi rally called airstrikes cross check rally attendance stronger metric anecdotal thing,0,1
modi india,0,0
really workprofessor uppsala university recruited dud like must super gullible university must find job seem lot free time tweet anti modi message day long get life man,1,1
really wantexcept fight lok sabha utter nonsense discussed sake opposing modi,1,-1
support modi party everything done india respect opinion youre wrong,-1,1
want remaining winning seat please humble request modi party president give ticket dog cat maharajganj winning bjp,1,1
problem since defended gauge killer would understand full hate towards modi bjp hide ideology behind sister death say openly like bjp modi vote guy,-1,-1
team expo modi become,0,0
shoot satellite joining space super league modi say india conducted successful antisatellite missile operation join space super league shoot satellite precision missile modi,1,1
suit bjp say ran away vijay mall target government hindustan time,0,0
neither modi money proposed domed tax player hard earned money the snatched great economics,1,1
modi hai muslim hai donald trump take away rocket man little rocket man title given north korean leader kim jong bestow asks telegraph,-1,0
modi even learnt speak india already written one finest constitution world modi learning crawl india already,-1,0
