bhujia flag done expand orange expand teh orange expand red foresee belgium people try expand expand red might live belgium people slowly move also changing red bow arrow mean bakchods change script half look later night tomorrow better expand orange leave bow arrow anyways suggestion,-1,1
gt said add place content majority shit,-1,-1
see pdp aligning inc,0,0
state million people major riot amazing,1,0
coma since last year,-1,0
ali ali ata tachi bari ali,0,0
accessible citizen constituency resolve problem listen development proposal constituency,1,0
practical step woman take based research prevent pre term birth early extrapolate,1,0
congress president rahul gandhi anusara poverty state mind bank account also mind swiss account one family,0,-1
denied bail court next hearing april,0,-1
entire congress become paper,0,0
good morning sweden guy hope good day god trust,1,1
in locked thread seriously though exciting development,1,1
indian national congress nationalist congress party ncp,0,1
official rahul gandhi contesting wayanad kerala congratulation south india,0,1
lesser syndrome incoming,0,0
kudos inch chest india fourth nation capability defending space bigger achievement nuclear bomb via namo app,0,0
maharashtra killing legend inflated egg since,0,-1
many pak handle routinely engage anti hindu rhetoric score browne point ruling punjabi elite course right sincerely hold belief dont dare talk abt hindu girl abducted forcibly converted islam married,1,0
mud aka best actor,1,1
mumbai need get shit together richest city india still pathetic infrastructure,-1,-1
nationalist congress partyncp contest seat gujarat report ani update,1,0
nuostabu įdome versa dėmedio quality content kai sama,0,0
paper blind follower logic,-1,-1
soo stop india taking pak satellite retaliation sponsoring terrorism wondering scenario would play pak satellite,-1,-1
sycophantsnormal peoplerahul gandhi,0,0
latest model code complaint advert teach indian railway ictu approval process licensee fined lakh,1,1
organized khan involved hood khan main leader thats art burning house pol leader khan notorious twisting pol pressure group,1,-1
uncertainty never resolved terrorism hit region plenty instance within india world like punjabnagaland naval kurdstalibans syria,0,1
well actually read manifesto,0,1
disqualify life culprit minister secrecy corruption dear madam,0,1
realize sarcasm going lost majority people read fine print right,1,-1
think seven seat machi working mumbai script unthinkable,-1,0
