absolutely love survey would love see added option care either way something like want win section,1,1
always liked india idea reddit whatever case may exciting see india modernize looking forward rise,1,1
cant stop laughing one side say everything done near side say everything done modi,-1,0
demand fair election mod india time good place discussing india people awarded promoting political party,1,1
degree last time plot uncovered assassinate modi imo one election one election campaigning due,-1,0
eat hat cat lord supreme anything leader,0,1
funny none member family group sharing anything every breaking one bjp fucking annoying funny time happening anyone else,-1,1
guru non guru friend taken granted modibhakt really like modi friend look absolutely startled baffled criticize modi true story bro,1,1
symbolic gesture corrupt labor leader appease workforce make look like trying something strike accomplish anything announce start date end date advance capital wait done one two day strike never accomplishes anything intentional,-1,0
literally vote modi live either bear naroda,1,0
must forward many people possible,1,0
one hell comedian kya sabah sabah nasa,0,0
police refuse lodge case tmc worker beat well first threaten lodge complaint hero police station beat west bengal bjp chief september nowrap public meeting another gem person tmc member lock house cut water supply power beat black blue half people trained r rashhtriya swayamsevak sang breaking neck bare hand big deal enjoy many,1,1
video proof koda had aur nikki chute porch article say village guy said help hindu tan man than gun count bjp stance nonsense bloody sellout idiot orgasming reading another hindu later article proof relevance,-1,-1
want modi election jay hind,0,0
want modi read,1,0
told price thing going modi replying loan taken upa,0,0
week lead karnataka wonderful srivatsa charge plan improve soon,1,1
speak like idiot modi say puducheryko vanakom watching debate waste time,-1,-1
modi anti india rest sane world,0,0
yr expect govt make india one chidiya give time modi far better family scam becoming rich day day,1,0
modi reduced india facial democracy benefit independent institution parliament court rbi university cbi cvc medium cut size reduced stature,-1,0
given modi,0,0
urmilla mam true modi control chart blind commentator,-1,0
ada human transfer hard old got blocked using chowkidaars twitter haram,1,0
actually blocked modifies tweet spam,0,-1
failing sell ailing narendra modi government probably thought sad airline needed mate imo explanation rescue quasistate ownership jet airway,-1,0
credit go modi,0,0
aha last time ananthkumar modi bjp people vote modi tejasvi win sure,1,1
air india roll back boarding pass modi photo india news,0,0
air india roll back boarding pass modi image,0,0
air india friday found using boarding pass carrying photograph modi gun ch min vijay rani day national carrier decided roll back pass amid criticism alleged poll code violation,-1,-1
alarming state affair version true case sud filed india today news misrepresenting fact pls clarify pls help getting true version,1,1
master stroke modi made run still playing yes vote,1,1
best modi,1,1
opposition suffering old modi hate opposition use le language directed may common group shame opposition run single point agenda hate modi,-1,-1
whatsapp sharing sucked jpeg shift pic,0,0
almost crore spent manga polluted mode watch via,1,0
also gift ani albania government defence deal bank corrupt company,1,1
also modi implemented clause mandated knowing local language serve rural bank removed result everyone see plight rural people dont language kannada,-1,0
also money market give business small trader win win everyone except modi chart,1,1
although obvious present administration proficient fake news ism people also account fact recently big chunk population managed get cheap reliable access internet making whole lot easier,1,0
always modi trending tamil film,0,0
also illiterate like modi,0,0
jha still worried modi addressed press conf,0,0
look saying this gentleman win even called modi wave,1,1
small local player like kejriwal mama nation sick tired politician anything like manmohan singh somebody come along try something even failure appears like god comparison,-1,0
time modi warning sarah nasa yogiraj,0,0
man loan waiver farmer announced modi,0,0
another jump election time today modi jammu,0,0
answer answer promise cup time whole hour show promise deserve answer modi otherwise people said,1,1
anybody claiming knowledge bjp internal survey shameless liar apart modi shah third person know internal survey say neither modi shah share info anybody even shadow,0,-1
anyone asking job called anti national mode india,0,0
awaiting massage three narendra modi,0,0
proud dynamic leader like mariner modi,1,1
proud scientist primeminister three narendra modi make india fourth world space power,1,0
support modi great prime minister india next prime minister modi god bless,1,1
working space programme bro chill celebrate great day ahead chowkidar modi,1,1
serious even possible air craft iaf getting crash one another like video game think intentional stunt modi make thing easier rafael deal,-1,0
ar india shoot weather satellite declares space power enlarge indian prime minister narendra mode address nation local news channel new delhi march credit prakash singhafpgetty image india announced,-1,0
aur sun coach jeetega toh modi,1,0
award wa gang activated,1,1
awesome reply getting bookmark true that slayer,1,1
avenge modi pair power main deserve anything simply good nothing,1,0
bar pair modi marker right political career time decided move wrong people,-1,0
back sri ninth kumar introduced constituency also outsider huballi wife undo roa ninth kumar sir young old leader like sure please sake nation vote sure help modi,1,1
basically ill anti national election dont vote modi kind sorcery bull crap,-1,-1
modi throw bread crumb modi want ally side want make irrelevant female sign aka pay million road work free,1,1
modi terrorist,0,-1
beyond belief near as linking dynastic charlatan calling antiestablishment unbiased modi politician failed many time india seriously afford venom sewing buffoon back power compensate failure,-1,-1
hai campaigningyours old style modi dar raja hai,1,0
bjp represents colossal failure hindi hindutva useful india long case bjp,1,0
bjp seat nda upa others year ago nostradamus predicted modi era,0,0
blame modi whose year foreign excursion foiled badly near first new born weak india modi powerful nation today cant get place unse diplomacy failure think,-1,-1
boot kicker chamchas cant tolerate modi follower thats targeted termed that,0,0
bos election democratic india make joke enough people take election mar also believe modi expanded electoral base beyond india,-1,0
breaking news eci give clean chit modi mission shaft address nation news even,1,0
older study difference government government clearly see modi government done better previous government,1,1
popular perception bjp continues seen party north impose hindi tamil sympathy tamil aspiration culture narendra modi low tamil psyche back modi hashtag erupt time visit state,1,1
real scandal allowed run jailed become title holder corrupt finance minister time modi corrupt managed hide well used jailed,-1,-1
considering modi wave factor helped bjp,0,0
please place wager apparent allowing rate progress lakh modi put bank account wager amount,1,1
cant believe modi,0,0
champion foe odd day become activist fascist owing delusion even day dont want watch channel switch change someone started channel modi doesnt make fascist stop thinking like juvenile,-1,-1
check mode address successful test anti satellite missile sat nation pm,1,0
chid say double per economist yes double book modi opened account,0,0
chowkidar pure hai rajnath singh make spirited case narendra modi vijay sandal rally,1,0
chowkidar rapist supporter chowkidar rafael total king chowkidar nammaka doi chowkidar mosagadu modi chowkidar theater modi dont believe modi promise dont believe modi word,-1,-1
cup psychopath upa govt stalled project help china pak mm didnt clear project want give credit cong nda govt given clearance shame people blaming modi,1,-1
cinema actor enwiki belli begging chesaadu ada janasenani deserve treatment political novice campaigning like joker fox,0,0
code conduct required modi prime minister india right guy time make hawk eye opposition leader election commission hahahaha,1,0
coming prime minister narendra modi address nation deliver important message watch,1,0
complete snap shot work done modi govt year,1,0
confident narendra modi become prime mister india public aware alliance make merge bsp,1,0
congratulation ordo scientist defense personnel involved operation shaft,0,1
congratulation modi winning oscar award,1,1
congratulation scientist bravo modi taking bold step,1,1
country modi world powerful man today message given country people thanks,1,1
course india sent score satellite man space anti ballistic missile nuclear weapon remember pokhran modi rule,0,-1
coward psychopath,0,0
daughter jamaica created shark room shark conservation india gurugram home mini museum turned year tribute apex predator oceansharks save shark save oceansyou also support whale shark modi,0,1
dear mit shah focus achievement chokidar people india understand better good gor fake committed build nation leader ship modi,1,1
dear modi star voting time happens fiesta time request allow cast vote home please tell election commission send em house address,0,1
dear narendra modi sire extremely proud achievement amazing noble thought ideasthe whole nation need understand vision best sir,1,1
dear movie modi shown jasondabens sadness,0,0
despite people vote modi petty thing door temple repaired papal log hai,0,0
notice mam graduate employee wearing namo shirt campaigning door door pure love modi bangalore,1,1
apologise judge result pathological hatred modi blinded,0,0
disagree already made govt accountable elected modi,0,0
dont believe modi talking fake,-1,0
dont care voter either clever stupid seen modi disaster year still want twitter medium wont stop dont want modi gimmick wont stop,-1,-1
dont confuse mahatma modi,0,0
election flip side mode meet rally bjp wouldnt like see,0,0
enough protecting crore indian people knew well protected albania admins photo nav modi medal hai loot shoot best thing shut shithole silent till may,1,1
equivalent hypothesis would modi born earlier become would done cry blame british like blame near thats would scenario might want ponder,0,-1
european parliament member write modi rebuke india human right violation asia pellet gun,0,-1
even problem bjp win every vote modi em,1,0
even myth try going good country cr becomes great knowledge modi hope happens nation change hyderabad new economic revolution going happen new water project many,1,1
even parliament modi making funny gesture samantha kumar duck head politely,1,0
every country dream anti corruption crusader country head lucky enough get person like modi,1,1
every opposition leader scoring modi public modi,0,0
fact india abbey never seen anything like team modi shah oval,0,0
fake gdp growth number modi messed economy,-1,0
fake image hai mam grow ina bhi kya problem hai modi stick truth photoshop mam,-1,-1
fake show modi time see face may first,-1,0
fake video stand lamb lamb china tho tum logo seek lol watch video expose modi fake propergenda mission shaft lol,1,0
final year techno nothing near future regime super stupid modify think correct educated stupid like,-1,0
finally admits thr helicopter shot nation going war bitch date war year battle hardened back eating grass live,-1,-1
first tell slept intelligence report pulwama allow japan airlifted man carry much explosive freely modi failure,1,1
five stage living modi address nation via,0,0
betterment life poor people narendra modi,-1,0
construction corridor whats varanasi modi govt purchased building everyone surprise beautiful temple samurai gut era recovered building recovery work still going odd temple,1,1
something happened well karma bitch modi india curse india thank supporting modi,1,0
force modi match get accused anti poorfarmer hope reduce seat non modi front dropped cong pull month force election hoping cong win combined attack indian economy,1,0
forget education narendra modi imagine education support,0,0
four generation made promise poverty nothing happened modi outlook india,0,0
au even bc cbn anti modi doesnt mean get defeated election never knewwait election result,-1,0
funny modi didnt visit parliament session even collision would plan parliament session went trip fraud like rafael fact fact given wrong already,-1,-1
giriraj always inspired pakistan entire carrier sent many people pakistan even raised slogan ever attended modi patna rally sent unfortunately attended,0,0
give detail spent modi govt claimed,-1,0
giving lakh duty modi government still waiting,0,0
god bbc news google sorry narendra modi image top criminal list,0,0
good governance modi government foreign policy,1,0
good morning right view important work weedout corrupt dynasty nationfor need person like modi need hour modi delhi thanks,1,1
got end let bitcoin reach modi fuck country somehow,-1,-1
great great proud scientist respected modi,1,1
guess recently dash hero raid modi responsible,1,1
guess modi medium asks press conference publicly,0,0
guessing keep video next week may feature msnbc producer possibly morning joe producer got low mike psycho joe squez loud neighbor call pop,1,0
guy awesome person try take running bush fin make fun saying want live try wait till bus coms stopthey make fun saying old fellowcant take running bus anything modi doe problem,1,1
haa uncle admit modi researchkhush,0,0
narendra modi listened swamp raja would thrown day one kept saying dont trust power hungry know india modi decent,1,0
haha see wanted write google keyboard auto corrected modi modi google sab junta hai feu google rio bar,1,0
haha see talking btw shift comment mean nothing ready modi come back power actually helping midi win election,1,1
ham modi jay chowkidar,0,0
hand shaking hovering excitement announcement,0,1
data anne aap hate modi modi modi sir full gun blazing crowd going mad rock,1,-1
hatred level peak doesnt thank modi shown conducting activity counter part couldnt,0,-1
clue get constituency changed modi gonna lose cause ppl lik clueless eci doesnt care online app status month cant vote,0,-1
gone nut person open restaurant open fire cracker shop safety permissionwhat chaos happen many people die many permission necessary good sure vote modi,1,0
tight modi cant win jump everything expiry,1,0
ever answered anonymous call pretending survey pre poll party support base answered ir support vote modi bjp suspect something fishy behind cause disappearance name,-1,1
heading until network make forward,0,0
hehemodi tried make year reel sharia didnt like,0,0
hello mister chowkidar could tell kind bettermentstuff modi bring country advertisement foreign trip,1,1
here narendra modi said uniting india digitally independence day speech see promise delivered,0,0
hey modi sir want rule country long get rid kind politician cancha girl work saw result last state election despite ruling year kicked people,1,1
history bad white green revolution happened near said people said modi take credit advancement belongs scientist rush give credit near scientist,-1,0
historic space breakthrough india becomes elite space power mission shaft announces modi via,0,0
honestly youth want modi sir,1,1
photo mode,0,0
many poor folk got rich modi rule,1,0
possible still fighting otherfueling internal conflict democratic violent forgiving huge gap almost everything idea remain social medium,-1,-1
ignorance root stem evil modi chart living example safeguard india kindly ignore ignorant modi chart,-1,-1
india conduct sat test antisatellite weapon smashed satellite low earth orbit creating large amount notverypersistent debris,1,0
india feel narendra modi failed create job yet india feel reelected may,-1,0
india pakistan tension rise modi missile militarisation threat launched,0,-1
india register elite space power carry antisatellite missile test say modi,0,0
india successfully tested anti satellite weaponsmissile great achievement target shot minute fourth space power nation world next usa russia china le nuclear achievement india smiling face modi magic continues,1,1
india unlikely survive another five year modi whose missile india becoming religious authoritarian state threat million muslim also country unity integrity,-1,0
india want need modi,0,0
india amanda leave modi ruin,0,-1
india become super power strong leadership sri narendra modi,1,1
india never vote people insult soldier modi back,0,0
indian enters elite space club scientist shoot low orbit satellite away space say prime minister modi businessinsider india mobile,-1,-1
indian liberal grade chutiyas decided set space force announcement came pot trump actually shot bloody satellite liberal white modi making announcement,-1,0
indian modi plan national broadcast wednesday,0,0
indian pledge make india nasa must narendra modi sha mit shah taken pledge between twitter handle,0,0
involved signature country say deterrent country within limit international law treaty modi gave ahead support upa failed hence much pm achievement,-1,0
ina raise funk late main bjp male ordo implemented modi wah,0,0
mind need repair restructuring raga aur kind koshish large desk ulu banana come back power trying false fake idea jai hind ab bar pair modi marker,-1,0
like ko movie tactic bombard shit form sometime everyone end summing rada like party,-1,0
model india modi exit park hai much visa one sesame shame worse management,-1,-1
sad modi never accept need power remain prime minister post,-1,-1
job vacancy modi choir hai,0,0
seeing master slavery new job economist perfect service modi,1,0
trying urge people vote telling vote modi love daddy red heart red heart,1,1
cr criticizes hoping ballot air strike say even ant die modi usual hoped situation,-1,0
cr join issue modi surgical strike claim upa carried attack economic time,1,0
kejriwal asking alliance seems shattered modi punjab defeat,0,-1
kya hai pure seal chutiya banana modi aur jab seal kata hone hai sala tune bhi chutiya band dia,1,0
let chokidars india unite support narendra modi next election national interest,0,1
let sir modi wrong calculation thought year giving dossier dossier didnt act maybe they they see thing wrong learned lesson uri attack gave lesson,-1,-1
like modijaisa have best,1,1
likewise ask modi class like modi could india anyone could,0,0
log such arab nat modi chhavi arab rne page please take strict action activity,1,0
lol give detail modi true fulfilled promise grow mirandas,1,1
lol sore neck photo suggests modi neck look okay,1,0
look statement modi compare prestigious party share nothing sir baukhlahat hai har dark modi nothing except comedian r,0,0
loot shoot shoot thats mode friend business way modi run country hand always stood beside poor proven time india one nation lack mean priority,-1,0
lot similarity doi modi born leader lead performance know exactly attack stay calm,1,0
love also deserves titled art chart mind control taking credit others work making chart believe achievement art constantly getting perfected modi team,1,1
make narendra modi prime minister detect deport every single illegal immigrant assam,-1,-1
make sense person question contest anywhere unfortunate enough born family might high expectation carry family legacy cost country way handy force many choose modi,1,0
mam like approachthe way answer stand nation ninth kumar kind earth karyakarta also proved modi always nation karyakarta like make happen,1,1
kanji tool finish idiot given power guy hard head pathetic administrative skill btw link live counting news site post,-1,-1
many congratulation success mission shaft proud honorable prime minister long live modi god bless,1,1
many people posting use mig could used better jet may due end use agreement manufacturer jet buyer cum user india end use agreement defines right given buyer usage weapon weapon buying country break agreement weapon exporting country block export part block repair may even use built hardware trojan rare case still possibility one reason using mig maybe mig end use agreement russian gave full transfer technology manufacturing right lesson future improve local manufacturing weapon edit fact asked pakistan use without permission raise concern purchasing foreign weapon source,1,1
matter greatest national pridemodi greatestcongrats scientist,1,1
may may vote raga certainly vote modi,-1,0
may programme renamed programme used modi govt never knew policy before modi govt,0,0
medium house preach modi mild shock,1,0
mehangai church kar lokitne thee tar deal minor inflation modi unblemished recorder aaj bhi petrol santa hair seriously ask please compare thing making empty commentsthanks,-1,0
missile scientist sarawak member niei mayor ndtv credit antisatellite missile test team india confirming existed india conducted first interceptor missile test called missile defence modi gave political,1,0
mission shaft modi want draft space doctrine prepared around sat missile report,1,0
modi address nation important message,1,0
modi build narrative dont answer bound cry,0,0
modi caught rebranded reading scripted speech teleprompter meet,0,0
modi already achieved,0,0
modi already going lot sleeper night announcement let think moment well,0,0
modi also confiscated property,1,0
modi always defies woman,0,0
modi always thinking make hand strong directly pocket,1,1
modi smith,0,0
modi bjp deserve voted election matter good bad opposition bjp simply running anti muslim anti minority communal hatred platform like never seen biggest win modi losing seat,1,-1
modi shah attacking democracy mata democracy mata justice,0,0
modi announce man steel,0,0
modi announce people reaction troll video,0,0
modi chance also selling tee totally buy one,0,0
modi back chowkidar choir hai jammu youth,0,0
modi chart worried anti modi leftist sickoolars worried best thing find alternate india,1,0
modi chart threat ominous antidemocratic news channelstimes republic openly canvas bjp pick one news anchor,0,-1
modi built smart city remember name,1,0
modi came power promising revive river manga year river getting polluted,1,0
modi manage shit got nothing official whatsoever marker,-1,-1
modi tell definition leo ud vote promise,0,0
modi cannot fool anyone anymore,0,0
modi choir waiting opportunity come national channelschor modi stay away wife many year publicity stunt channel poster crore contrast iso iso next time pls get one else make announcement,1,0
modi chowkidar think foolostrich dip head think nobody see,0,0
modi clean bowled opponent super power russia china usa,1,1
modi declares india space power shooting satellite,-1,0
modi consult election commission mission shaft address reprint,0,0
modi life love modi bro,1,1
modi gave money albania albania umpire umpire gave ball,1,0
modi got highest self promotional budget compared pm indian history,0,0
modi government decisive multipronged action corruption via namo app,1,0
modi govt provided lpg connection ujjwala romana helping woman family get rid health issue caused indoor air pollution via namo app,0,0
modi govt showed soft hand towards goon setting perfect platform new pakistan india,1,1
modi govt shown courage strike sphere dean herald,0,0
modi govt year report card mega analysis drug rather such via,1,0
modi aba mana peaceful somebody like,1,1
modi that army propaganda but disconnected mass,-1,0
modi capability take tough decision watch full show today,-1,0
modi done task honestly,1,0
modi important step towards securing india safety economic growth technological advancement,1,1
modi interview mode clothes crore political allegation anecdote,0,0
modi jee back,0,0
modi jee grooming future leader karnataka start great choice tejasvi sure contrast,1,1
modi jee like speech state forwarding best india,1,1
modi what servicevoter nic searched google found type voting system armed force people living aboard really goodbye something old aged people cannot longer distance vote,1,0
modi year intact question whether cross percent vote share,0,0
modi like trump worse mode fan,-1,0
modi love corrupt politician supreme example modi party bjp alliance party aiadmk,-1,1
modi made around trip around world past half costing roughly million govt spent million promoting modi flagship project achievement according new govt data,-1,0
modi mean woman empowerment modi also machine freeze,1,0
modi modi visa name modi bjp time,0,0
modi nazi aur kan naam,1,0
modi meta,0,0
modi powerless dictator go law law take course wheel grind slowly,-1,0
modi pay damage satellite user,0,-1
modi projecting chanakya chowkidar joke year,0,0
modi say opportunity place arunachal pradesh railway map,0,0
modi say fight decisive government decisive past,-1,0
modi serving country even model code conduct,0,0
modi sir keep,0,0
modi sir need financial support make parent home dream homeless help sir,1,1
modi speaks better english asshole,1,0
modi struck death blow decapitated lutyens party hopper,1,0
modi le vote,-1,0
modi worthless abhinandan broke teeth landing wrong side border totally exposed,-1,-1
modi trying become second ambedaker cost bhrahmins,0,0
modi fighting emergency sperm,0,-1
mode master year,0,0
mode political made happened yes taking credit election year shouldnt forgotten politician surely journ know better,1,1
modi three foreign policy win via,1,1
much motivation behind demonstration make modi current indian prime minister party appear strong upcoming indian election,1,1
narendra modi invite programme missed professional cacscma link,0,0
narendra modi today march ago india achieved historic feat india today registered space power till country world america russia china achievement india country achieve,0,0
need acknowledge real leader vision modi division,1,0
near passed away soul direction iso established soul still road premise iso scientist obey command modi take credit,0,0
never back modi best,1,-1
nice modi,1,0
nav modi seek asylum indian government put weak argument done,-1,-1
niei mayor accessory modi government must scrapped,0,0
nobody else cup modi whatever red best national interest,1,1
everyone like modi tadipaar,0,0
modi want,0,0
slip tongue someone lived teddy year absolute mess heck sadanand good least got back sanity,-1,0
worth discussion understanding trade gdp business big like master kejriwal min finished close lakh job supporting close lakh people directly guy order hate modi,-1,0
clear cunning marca kept bowling modi gifted ani rafael say money poor actually work lakh crore lakh next fool might announce every billion indian get per month,1,-1
let start game modi shah,-1,0
scam heightened accusation modi,-1,-1
space superpower say narendra modi antisatellite missile test,0,0
usual modi way derailed subject even knowing prototype made successfully tested take challenge world reputed economist people argue nasa scientist doubt,1,0
omg saying stare modi like,0,0
one joshi passionate dedicated party workerbeleive narendra modi visa modelalso followed path minister punjab ministry,-1,1
one anything indian modi worry,0,0
one stop modi coming back,0,0
one laughing sure modi counter,1,1
one small street light remote village chowkidaars start chanting modi modi ordo saying near doesnt deserve credit pathetic shameless lot,-1,0
confirms modi led scared judge scared morning walk,0,-1
modi modi,0,0
modi chart rejoice others know truth,0,1
modi bjp,0,0
modi marker need,0,0
modi sir,0,0
opposition party accuse modi playing politics sat missile test,0,0
opposition lost completely wa bit disappointed central government looking opposition better reflect modi sarkaar jawanon salman nazi kar sake desk kya avenge,-1,0
grumpy kejriwal brooding lost opportunity blame modi giving scope youngster keep dragging leader retiring age sad understand strong dharma,-1,0
nation border unsafe modi going unsafe modi strong army modi guarding country border rubbish claim agenda time time throw,1,1
pakistani minister boot kicker minister modi cabinet party long history linking boot various design size starting mutual boot british russian presently india favourite boot american leather boot keep linking madam,-1,0
panel examine modi address,0,0
people questioning government greatness achieved modi,0,0
people similar comparison modi mm,0,0
people like dont like modi yeh call deshdrohi right dont mind ever call right stick,1,1
people unsatisfied modi government performance adr survey,0,0
people waiting modi,0,0
perhaps give money hundred million living poverty,0,-1
photoshopped lag raja hai much toh yeh photo though vote modi,0,0
please allow laugh helpless know thing still going announcement moon modi earlier shame,-1,0
please investigative reporting mindset scientist changed drastically modi era get know enormous improvement taken place,0,1
please watch modify speech care fully know everything detail asking question answered modi everyday self follow find,1,1
pls ask modi give free housing hanja quota,1,1
pol mileage pol nation govt never paralyzed course modi india address nation ppl none stop national achievement pride proud modi different stereotype rpm,1,1
poll india capable conducting surgical strike sphere land sky space state modi meet,1,0
poor want modi win,1,0
pride moment nation great achievement scientist also show political modi glimpse new india,1,1
prime minister narendra modi got hour free diverted nation attention away issue ground chief akhilesh yadav wednesday said shortly modi addressed nation india antisatellite missile capability,1,1
prime minister narendra modi said india joined united state russia china accomplishing feat,0,0
primetime cyber expert might choudhary brilliantly explained everything abt lucha mode tachi move,1,1
proud moment indian modi great power know india india congratulation,1,1
raghuram raja question narendra mode minimum govt maximum governance promise economic time high voltage,1,0
radio kumar hurdle government gave safe passage vijay mall nav modi many others left country lakh crore nonsense talking,1,0
ram goal yadav pulwama attack mode election stunt via,0,0
rama rao said though prime minister narendra modi campaigned telangana would help bjp,0,0
ravi done constituency people election modi name cant tell state leader name achievement election,0,0
read mar newsletter featuring mode cash plan better farm loan waiver shorter relief say,1,1
real figure modi government fake promise,-1,0
referring modi promised lakh wooden shall sacrificed poor wool name demonetisation object poverty unemployment weapon inflicted poor sheep,-1,-1
respected sir sar madam kindly narendra modi sar bjp government india telangana state thanks solo mach sar sar bjp government india telangana state sar narendra singh king narendra,1,1
re nya lakh deposited next five year per year account poorest crore family mode anyway lakh bank account every citizen turned biggest jump ever,0,-1
right aaa modi bjp,1,0
russia sent telegram,0,0
samjhauta case judge saysbest evidence accused hindutva terrorist aseemanand withheld court nia cbiceccvccagrbi nia another institution destroyed modi government used acquire govt favored terrorist,1,-1
saving modi riot also biggest mistake get deserve,0,-1
schedule shri narendra modi mega rally arunachal pradesh assam march,0,0
seems like everyone able make black money want out modi,-1,0
sha,0,0
like assad modi putin,0,0
external minister india dont think modi foreign trip,-1,0
shortest answer ruling party left side political spectrum gone top appearing poor people different religion distributing free stuff modi lean right free market kind guy belief western sense secularism want uniform civil code one big bot career opposition milling like desparados riot happened gujarat another variable equation,1,1
show one field modi govt made kind progress bbc hindi becoming propaganda channel bjp still trying divide india news,1,1
show one speech modi called body traitor,0,0
show video modi said give crore job bet dont the,0,0
three mit shah want modi government people government bjp doesnt want listen snl employee voice farmer voice scot voice,1,0
shri modify class apart match history till date hat commitment zeal perform better yesterday,1,1
sir would eagerly waiting day find fully satisfied govterra modi govt,1,1
work done modi,0,0
someday people cry name modi birthday well,0,0
someone sold mind terrorist,1,-1
someone tell moon playing ipl allowed national duty accorded special privilege cast vote,-1,1
something ordo found declared early election gimmick modi,1,0
soon everyone get patriotic issued bjp,0,0
sorry dont trust anyone apart modi moment mean isnt opposition leader,-1,0
sorry sleep early want modi win win surebut chowkidar must let know working welfare people slum middle class important social medium tejaswani working real people,1,1
speaking modi cbn say lie cant cheat people,0,0
standard scoring team need news diagram good trouble failing flex tim hightower take share chi paris laundry dion lewis ny allen turn buf rex bulkhead thought,1,0
state allow water central subject unless water go head way modi government already introduced amendment bill dispute resolution got stuck petty parliament politics,-1,-1
still making fool people tell people pakistan shoot two mig one helicopter full officer tell full story pakistan give big slap modi surgical strike drama lol,1,0
stupid tactic made entire election modi centric prove expensive opposition,-1,-1
sure vote narendra modi,1,0
sure win sir bjp party next prime minister modi sir,1,1
talking modi claiming chowkidaar india,0,0
terror attack killed zero civilian indian city prime minister narendra modi afp factcheck hindu extremism google news,1,-1
terrorist terrorist india terrorist country modi idiot,-1,-1
thank modi air strike else possible,0,0
thanks modi giving future leader last year good thing done giving india mass leader,1,1
modi,0,0
nut make video figure creating thin air million subscriber good view count make good money dumb left modi hater love thrives stupidity unemployables also self employed,1,0
thats wrong conclusion otherwise would make uri modi movie,-1,0
accidental uri surgical strike narendra modi taken file killed shastri election campaigning modi,-1,-1
anti satellite missile test indeed crowning glory year hard work manmohan singh narendra modi course remains saraswats baby,1,0
country army sought weapon sought modern rifle wanted bullet proof jacket one rank one pension sought nothing found reverse men wanted sue chief army spreading rumour military preparing coup modi,-1,0
entire nation looted modi copy hence anger indian public want punish bjp mercilessly destruction indian economy,-1,-1
example tundra port totally operated adaniports govt pvt player thats possible also possible rule downplayed javdekar mode pressure,0,0
finance minister told rehash plan modi govt already working sure like calling imbecile certainly object,-1,0
first sunrise gujarat model world copied lived darkness read sunrise book fekendra modi came,1,0
game dead may case fair amount people already wrote need something new sink teeth,1,0
modi biopic trailer modi shown heartbroken gujarat riot personally saving life today took task gun govt taking action police officer involved wikis band case giving enough compensation victim,1,-1
opposition worried screening mode biopicbut well know tashkent file coming april one could tear apart,0,0
kid said pod runde modi tried pulling child ear another favorite,1,0
rail data derail bjp uttar pradesh sure,1,0
situation india modi worsened picture rightly depicts father put child risk life earn day meal,1,-1
fact one dare kind thing say great deal country,1,1
way attacking india forum modi hate converted india hate em drama london impeachment judge mocking make india mocking scientist next election even indian muslim vote bjp fight election pakistan,-1,-1
way full form bye overtime indirectly jha campaigning modi saying secret superstar hmm,-1,0
way modi pitching everyone india pakistan rather happy make govt,1,1
whole ambush thing stupid rest pretty good contest mostly good thing,1,1
another job per tweet modi law portal match hay watt,0,0
answer available modi trying hard make album rich,1,0
much went anger modi croniesany alternative modi laptop welcomed indian another yr tyranny unbearable,-1,0
would day might even cry modi,0,0
guy blame modi child birth divorce lol,1,0
two called scientist modi bath came news channel said upa give permission clear prostitute like interviewed,1,1
claim proud indian hindu lifestyle taste longing want large degree western home temple could namesake hindu rest overall christian copied outward show like modi,1,1
dont allow anyone speak cartoon saying modi desk santa desk santa modi scream much like change mind,1,0
think modi failed kind mission let attack near failure,-1,-1
one corrupt news channel propaganda modi never said people voted modi never asked money dont barking,-1,0
crazy anti modi people perception nda helped possible way spamming nda people sorry voter get confused,-1,-1
election indian local mp dont want pap next vote modi,0,0
election test patriotism modi india modi india modi name marshal antinational,0,0
gimmick played prime minister awakens celebrity spread awareness voting election time actor duly respond make public think support modi end gaining fan vote,1,1
guy put pic ahead modi wanted ignore anymore,0,0
mode dog treat muslim shame,0,0
india modi want election commission well,1,0
new handle twitter blocked old account jus putting mode,1,0
pig borrowed bark modi dont represent india hinduism may sell mother sister per tweet,0,0
best time accelerate pedal modi cm pak terrorist exposed pak nation boycotted intervention giving blotch ppl ashton hai independence legitimate manner tactical plan mate,1,0
problem modi govt tailed bloodsucker want gain people must made aware give behold corrupt people,-1,0
political slave placed official position clear evidence high profile corruption modi company,1,0
exactly modi said one rally,1,0
throughout emitting lie falsehood modi reformscounter weak,-1,0
today another butler slang english man announced candidature future india wayne modi word english man atm holder someone defence chief,0,0
today teacher workshop dayawati modi public school modinagar discussed english language learning challenge faced school parade path help teacher overcome,0,0
tomorrow thing happen modi cavalcade,0,0
used follow appreciate view fail used liberal bit different opinion seeing view tweet tweet like tweet showing political agenda opposing progressive strong modi govt,1,1
train also due nexus vision basically good thing due near modi ba blame rne like naam late hai ham,1,1
true hence want modi,1,0
tweeted yesterday awaiting people say modi arm twisted well opposition stick narrative falling bjp trap promoting process,-1,0
modi govt citizen leading life ability pursue maximum happiness minimum hassle govt enabling better life improving ease living via namo app,1,1
modi india sinking appropriate,1,0
unlike modi lol,1,0
untitled artwork gaitonde seized modi premise sold crore,0,0
upa opportunity mould india future ignored modi took initiative thus absolutely fine plant anyways want back,1,0
upcoming political biopic narendra modi lakshmi ntr thalaivi already seen film like acc website,0,0
used criticise modi blaming near congismedia another level,-1,-1
right modi open tea stall,1,0
shameful percent medium working bjp spokesman modi using national medium center army political purposeshow say strong democracy going towards dictatorship supreme court chief election comm act,1,1
vote modi else friendship sample thanks,1,1
vote young people vote like life future democracy depend may hate politics consider candidate unworthy let safely ignore vote attempting change idea india voting modi voting india,-1,-1
want better india need modi government even year old son understands asked teacher also vote modi grand,1,1
want defeat modi nota vote,0,0
want next india narendra modi,0,0
want rule modi rule party,1,0
want world cup want modi,0,0
successful serving carefully planned chosen narrative speaking earlier today sorry body language clear pik due podium teleprompter,-1,1
watch vive omberok turned narendra modi challenging look test modi biopic,1,0
watch india decision conduct nuclear test alarm youtube clearly remember announcement vajpayee pokhran modi effect job required doesnt matter think,1,0
watching mode chokidar campaign like,0,0
watkins jax kevin coleman arizona prior ng standard league full team wilson murray rail nelson brown bennett,1,0
way modi cant speak english hindi fluently let remain gujarat,0,0
well done sir indian democracy common good vision modibjprss dangerous defeat election good luck,1,1
well design mission shaft narendra modi movie web series narendramodi namo content facebook freebieswe got percent electoral bond gut prove illegal election ethic moneyinstitutional use,-1,0
national humiliation modi responsible blunder,1,0
say matter modi wave otter going stop even wee bite know take seriously principal asia ministry chalaata faith aur raise chain chalice ministryfriend club sarah,-1,0
stupidity whoever modi anti india male sign male sign,-1,-1
hell saying like thatfirst check past compare modi,-1,0
previous government year expected done year stand leader modi bjp nothing else thought whats option bunch differs who want throw money poor win,1,0
knowledge lack every honest tax player money modi told pursuit finest jump,1,0
whatever may modi last month journey removed strap eye stop watching film ad show,0,0
amazon prime video took cue modi,0,0
modi became india fled country,0,0
modi fought two seat hope asked question,0,0
modi speak,0,0
actual fuck modi trump become true friend ever say record,-1,0
whenever someone add modi know chart view count,0,0
debrisspace junk clean even space polluted india shoot satellite test modi hail arrival space power,-1,0
pen custody help cotton bank nav modi huge amount money cheatingpen cost nav modi gone lot money,1,1
whether feed bullet bryan terrorist issue separate debate away sing right head full filth,1,-1
white lie wanted abhinandan back came back saying modi mark,0,0
said build modi matter highlight performance last yr,0,0
told modi ever economist school dropout trying play doppelganger manmohan singh missing bus mile,-1,0
arent contesting election fortune using afraid contest election meth run away like vijay mall nav modi hope arrest beat crap custody get back,-1,0
modi contest two seat,0,0
elect modi least vision congo dont,1,0
bias dad playing modi wonder ani hated smuggle as,-1,-1
modi shah every indian want sit home enjoy life away mud politics,1,1
way mean one solid way democracy could strengthened isnt good enough asking prominent people export follower vote seems good enough could would worthy mode contribution regard,1,1
remonetise economy modi demonetised damaged last yr modi snatched poorfrom farmer meme youth saving poor woman return deprived modi snatched,-1,-1
request bjp sister organisation support modi shah mapdata via,0,0
say modi hacked,0,0
please explain content every genre modi ordered got scared news channel already bought modi he trying buy th operator weak,-1,-1
cache dinmodi begin gutter campaign say terrorist want lose got govt deny permission airlift troop got ref take convoy rulesgot thru despite intel pak want lose released abhinandanelse would,1,-1
candidate bjp fielded bjp bjp modi that shock ninth widow,0,0
world theatre day else deserves place modi performed best,1,1
would request drop subject discussion meant sheer fun sow seed quarrel among right wing family mission modi thats,1,0
wow modi imritis love child herewith lot degree prefix proud ofchowkidar choir hai,1,1
yeah hell guiding scientist modi announce,0,-1
yeah keep missile plane useless even modi cry river rafael war fought using crappy channel,-1,-1
yes guess thought modi uncle blink bring election year,-1,0
yes modi clear important issue corruption gangawater manga certainly cleaner enough called transparent choice supportive lawmaker still translucent believe india administered clean people need daagdars,1,1
yes modi wait watch,0,0
yes think modi continue long,-1,0
yes poor gave indian lakh dont believe modi sorry forgot jump modi jump,-1,0
yesterday modi shot satellite taken actual picture balakote,-1,0
agree modi solve problem yr,0,0
well join modi campaign blow horn great publicity spokesmansip keep great work,1,1
didnt thing year want modi work yearsbahut nainsafee,0,0
system change look result general electionmodi know deal,1,0
mean say endorse person murdered akhlak anyone mentioned murdered lynched someone modi power year still black money photo modi mall ran cjowkidari,-1,-1
modi kalpesh,0,0
need research bullet train work generation mah gun pay bullet train modi earlier said useful shutoff,-1,0
requested vote modi say want represent please tell people keep mind voting modi,0,0
vote get refund plus free ticket mode,1,1
grandson worth crore mode asset,1,1
objective observation subscribe arguement like leader like modi coterie whole hearted rendering service without bias discriminatory anyone appeasement none irrespective castecreed religion region,1,1
yup brother dont want pakistan world map want balochistan world map modi india forever,0,0
yup quite sad education system teach fill proper entry fork modi resign,-1,-1
even narendra modi honest vote experience also,1,1
listening composition day long know may modi back prime minister,-1,0
still modi government seems better mood remains much higher last two year previous government manmohan singh sum article,1,0
