bar nationalist marker,0,0
delhi sleeping long day see congress bite dust disappoint aap,-1,-1
ive girl like month kid aged gamer kid wii got destiny get bday mega pokemon fan baby eats stuff live like hour drive apart weekend sunday released preorder game gave receipt delivered release day dinner even said weekend isolate play shes cool gaming far early ive road give grief past dont accept disappear,-1,1
unemployment decrease think likely fail given data india get gdp growth dial depends measure india nominal growth,1,0
would consider voting congress dynasty gone never happen evident even recent loss said would still skeptical vote even eliminate dynasty gandhi would still indirectly controlling leader come power reach influence within congress cant eliminated totally,-1,-1
year election speech later tired guy hand sky speech substance,-1,0
arch khan painted pakistan flag halfnude body wanted pak citizenship join congress dis kolaverid,1,0
bloodysocialism,-1,0
blue amir azi via best,1,1
chidambharam seems foolish talking fear journalist defence,0,-1
congress pakistan military monarchy,-1,0
corrupted congress,1,0
google many bill opposed congress last yr,1,0
hostility majority minority community decide serf isi,-1,-1
lmaz anticipation,1,0
mahatma gandhi talked concept see trustee campaign articulation idea trusteeship,0,0
motherfucker near gandhi family cancer india,0,-1
paradox voter see prime minister distinct party lead,1,0
rahul gandhi ran away fearing,0,-1
reddit india vote manipulated cell mod corrupt,1,0
thank work building new bridge communication country inspire bold persistent role recognize personality make world better love russia,1,1
moment realise nepal light year ahead term lgbt woman right,1,0
serious charge proof later verdana group bribed national green tribunal ngt gave nod reopen started factory,-1,0
today realized importance filter thank mod,0,1
crore house poor constructedover crore house got lpg lpg vital woman face smoke related lung issue fetch wood hav reduces immunity,-1,0
major girl,1,0
trump get obama mud aka get manmohan know worse predecessor religious fanatic people voted monkey happy,1,0
yeah fond country equal love mother language guy made hate country feel people kashmir part hate union much believe book still bind love human being,-1,1
zelalems vision incredible,1,0
