economics gujarat economy good unemployment rate would vote bjp also relative peace gujarat good business,1,1
good headline management simple minded hence arrogant fence sister sheep country confuse confidence competence rapid cell cheering squad make demi god team brutal opponent within outside bjp people india simple see semi literate guy successful vote,1,1
question people chanted jai three ram waived tricolor support perpetrator tried offending indian offended pretty easily take frivolous case court one law used lawyer take also troll nazi took march named shared similar vein took march support asia rapist called social medium,1,0
intolerance india never intolerant run jailed html yeah right bunch pick bjp member,1,0
many debris report none confirmed plane,1,0
moral reason modi resign,0,0
probably looking initiative support one india give shit indian worry trade terrorism pakistan china trump done could imagined regarding modi tagging obama something spedes like trump hug jpg,1,-1
read first comment last line ballot lol,1,1
statue commemorate past statue built india comment present higher rise become symbol undernourished undereducated generation could served politician making better use public fund beautifully written conclusion hit nail right head sum perfectly,1,1
law keep ngo check crack funding source hillary clinton next american president interesting see interacts modi futile attempt find mass graf ended finding buffalo bone seriously hope happen hopefully pakistan sponsor terrorism india would interesting see modi responds weak singh nothing,1,0
thought prayer family lost loved one earlier morning family affected feel free message many others support shoulder cry set meeting church prayer session moment silence tragically taken morning anyone would like pray feel free message name even need full name god bless may lost life rest peace,1,1
medic wisdom bjp ponder upon hang tail cow long end cow dung hand,-1,1
guy think much mla get bjp switching alliance dani money money garnered pre demonetization think anyone reject plus crore cabinet rank gone politics career instead sucked engineering lol,-1,-1
satisfied opinion modi think think well country know best vote support make india great wish god live year like grandfather,1,1
month wait till someone announces foreign tour per family per year jump modi surveyed travelling whole world past year,-1,0
modi give pak chance,1,0
may bjp nda nda,0,0
follower side follower bhi din mein ise kate hai modi effect,0,0
aap candidate leading huge huge margin constituency traditional stronghold bjp one thing clear aap preferred choice many middle upper middle class voter edit local aap office ecstatic room amazing scene try take picture promise phone cam really acting weird,1,1
abe take talk gun would done imaginable remember threatening god know else public platform finally would blamed modi allowing use gun,0,-1
abbey chaparjangu modi done nothing hell scared,0,1
abhinandan wa sir le aya felt sorry ai lana bei modi mara ga poor india quota band day thing indian getting humiliated front world live past meanwhile enjoying present,-1,0
according people oppose narendra modi anti national slow class brain support belong political party either still national people,1,1
account made modi jan than romana,0,0
clanak modi sari farmer beneficial scheme election people kyu race like isbn voter foolsits like giving election every farmer caste vote nda nice one modi,1,1
acting lesson taken one disciple modi,0,0
actually lotusmodi chart high lotus,1,0
modi get second term india talented scientist become nation carry missionsindia lead usa russia china follow india indian scientist always capableall needed,1,1
month modi coach said person,1,0
agree hai small batch hacchi actually want show something else comment pls dont support liberal specially muslim name dangerous modi islam,1,0
agree way insulting pm party vajapyee modi morarji desa even party pen rao dynasty thats dont feel ashamed mock family however agree view,-1,1
air respond election commission query mode address,0,0
akbaruddin waist challenge modi question main bhi chowkidar campaign high voltage high voltage,1,0
akhilesh criticize modi simple question achievement india honest answer modi done best country ask soul,1,1
chowkidars want pair bar modi marker,0,0
done short period year imagine give year respected modi jee country number one whole world,1,1
indian except modi hater requested stand modi,0,-1
already modi made big joke lack rupee new joke pity indian people,1,0
first disappointing honest taxpayer personal gain secondly making poorest people weak giving money nothing instead could planned job thats difference naamdar chowkidar jai modi,1,0
modi chownkidar,0,0
modi talking guy by gen secretary karnataka,0,0
side modi crack wish indian modi today working day way listen modify lot news channel broadcasting,1,1
rightly please also hit party member tejasvi sure say modi india effectively equating leader current govt nation,1,1
award salesman year go narendra modi,0,1
watch neutral channel youtube see anger farmer modi,-1,-1
yes modi always right best,1,1
daughter may get husband like modi,0,0
another dirty trick modi hater firing northsouth divide salvo absolute deplorables,-1,-1
anyone know lady beside abhinandan,0,0
appeal pakistan like narendra project military might testing antisatellite missile,-1,0
proud prime minister modi great prime minister india,1,1
arent making serious error writing sentence showing photo shri narendra modi low unemployable idiot together,-1,0
article published everything politician relation election propaganda one gujarat legislative election agree mode extensive detectable,-1,0
arunachal pradesh narendra modi claim opposition party disheartened india success,1,1
ask google noodle ask wikipedia modipedia,0,0
bbc news google sorry narendra modi image top criminal list,0,-1
jihad modi coming back power responsibility take care unlike bunch fool,0,0
modi honest man working country bjp national party attract kind people intellectual fringe let judge modi bad element party nation party individual modi great service nation hero,1,1
anti modi mean nothing people challenging root cause,-1,-1
associated sang decade hope karyakartas stupid enough ask modi continue speech hindi translation stupidity shouldnt prevent message reaching mass dont know hindi,-1,-1
believe bjp believe modi,0,0
bath modi best prime minister history india,1,1
bjp candidate meet narendra agarwal vote modi,0,0
bjp independent nota option,0,0
bjp run mit shah julie modi spokesperson bjp r doesnt power,0,0
bjp scamsadani power scam also scam chili scam dal scam quake relief scam gsc scam audio scam indigo refinery scam shaw crore nav modi choose scam pd scam vyapam scam rafael scam yedurappa scam,0,-1
boot badly laundry,0,-1
both modi sir modi bjp,0,0
bro everything believed modi emaandar nobody gonna buy see guy,0,0
bro modi sacrificed indian soldier win election playing dirty politics hatred win election,1,0
btw chingapoot one put sword neck islam unlike hindutva master try see happens modi pianist satanyahu suck get away anything,1,-1
btw fast till modi gave gujarat wa progressthere need do refresh memory lk,1,0
agree line kanheiyakumar hai aab kiss such keine people search taro bc delhi court given cleanchit kanheiya remark modi govt thats strongly imply actually happen,1,1
dont know henchman modibjpit never ever find fault matter many time breach conduct,1,0
really bjp government making doubtful attack repeating question proof appositionwah modi wah,-1,-1
sir taken train japan nukedand dont natural resource like india havethey always threat earthquakebut today see largest economysir oly need give modi year false change,1,-1
win needed field sthash chuan ashwini punjabi people willing vote modi also vote bjp,1,1
see modi movie release day,0,0
called mode farmer monthly scheme role asked where money hailing game changerstrange isnt,-1,0
care india look india vote bjp modi marker,1,1
cbi team likely leave london nav modi extradition case,0,0
chakaravathi working modi clear many situation contest cost,1,0
change name twitter chowkidar narendra modi,0,0
chidambaaram got around time extension judge modi judge,0,0
china say modi start anti china policy china south east asia,0,0
clearly fake modi know camera always look one,-1,0
clearly make albania going fund others bjp form govt thanks mit shah buddha simple logic che,1,1
condition opposition party first public rally modi,1,1
congratulation modi govtvery well done,0,1
congratulation beloved prime minister modi scientist,1,1
correct congratulation modi,0,1
cow please fight election graffiti mocking modi appears bjp fails find candidate bengal,-1,-1
culture belief system cane identify self human coexist superiority among lead different practice led new religion vote human value follow religious leader right politician like modi,1,1
curious case chowkidar modi,-1,0
dangerous modus operandi debate fake allegation extent reducing modi mandate similar like quit india movement people want corruption quit india ensure fully laid foundation,-1,0
dar banana chalice modi must india,0,0
dear sir many year rule nya india come modi show way,1,0
death logic seems gujarat modi would without fighting varanasi fight little,-1,0
denied permission upa modi only got permission see news pipe,0,-1
desk fda rna chat please dont stand modi,0,0
desperately need trump modi,-1,0
really shoot satellite satellite fixed self demolition system lie modi neck fabrication possible,1,-1
enjoy lower fuel price even international crude price nearly halved even nda also offering similar scheme nutjob pathetic impulsive decision scheme launched modi much fanfare,-1,-1
know muslim poorest community indiawhyso called secular party used vote bank onlysay thanks modi govt provided house poor muslim catmore family got benefit schemeneed open eye bro,1,0
did harsh know election would vying bjp modi request bjp sister organisation support modi shah mapdata,-1,0
didnt someone link supreme court order disallowed arrest comment social medium,1,-1
say like like modi bold pencil indian wash modi wash modi aaj currency cancel indian wash modi wahaaitaminute happened lived happily ever,1,1
mean intelligence confirmed modi dislike measure raga did genius,1,0
doesnt make sense talking rising modi like king trying bring modi dynasty thinking doesnt belong peace loving country like india,-1,0
dont stand side pas expert judgement please modi know he need seat much,1,0
dont trust nomination know well smile like choir,0,1
dont understand everyone giving importance dont deserve ignoring solution learn modi,0,0
think done even modi yr india,1,0
differ people saw modi idiot leader waited year,-1,-1
eci convert india north korean modi another dictator kim jong until make empty threat usa keep north korean supreme divert attention starvation deathsmodi make empty threat pakistan divert failure win poll,1,-1
editorial compass without agenda targeting modi via,0,0
election commission sends second notice ministry civil aviation seeking reply samurai airport matter narendra mode picture seen boarding pass ministry asked file reply today report,0,0
engineering college platform engineer similarly modi governance platform air force aeronautical engineer show josh capability proud indian book iaf,1,1
eros original series modi look promising directed mesh sulla,1,1
even bjp cell worker asking modi,0,0
even modi knew privatisation started di earlier also gst happened,0,0
even safe modi raj,-1,1
even ppl india know modi done ppl country still asking done poor uninformed soul victim paid medium fake news,-1,-1
even sophomore eco grad knew black money black bullion realestate modi r robot bring demonetization kindly remind india need stunt master,1,1
even want play victim card opposing modi,1,0
every nation entitled sense pride artistic modi government self centered government whatever want call loser away dont get security education toilet job chance get poverty etc etc side,-1,-1
exist japan tej bahadur yadav complained bad food say contest poll modi,-1,-1
except understand bakchodi may actually help modi,0,1
excited eminently double huge implementation challenge done systematically phased manner done remember modi already done dirty job need like,1,1
expecting brave decision modi like demonilisation gst surgical strike second tenure,1,1
expensive painting nav modi auctioned done crore one favourite painting sold crore made strange,-1,0
expired mind person believe known almost anti modi also work network mouth piece responsible genocide still reporter thats biggest called radar,1,0
fact modi led india backward direction last year,0,0
fake secular modi hate agenda,-1,-1
familiar defender narendra modi bjp singh local news channel turned rebellious meeting two gujarat thug cooling hindi heartland elected prime minister publicity minister via,1,0
far chaiwala concerned hear chief minister gujarat declared candidate dug background prime minister narendra modi tune watch,1,0
february day election date announced modi government took decision handed dani group firstofitskind victory read find,0,0
feel needed give every proof indian government modi rule,0,0
first family bold present first family india modi,1,0
five reason bjp worried,0,0
love country dont require modi support,1,1
psu govt agency modi continuation curse even private railway giving reliance favourite,0,0
voter time lotus कमल modi irrespective candidate modi people voting yes election people judging work,0,1
forget shirt write shit tweet screwed,-1,-1
friend sir modi coming theriyumaa shocking sir gamma naattu than coming noon,-1,0
past year govt control couldnt win year time give chance modi,1,0
tucker would linking modi ball promised ticket minister post fuck bollygarchs spoilt star kid,-1,0
genus muzzle buy men bos voting modify staff modi chart,0,0
get chance interact shri narendra modi directly event held march register,1,0
giving citizenship doesnt give right say dumb thing please master remember question modi indian citizen question,-1,0
good nothing bjp government narendra modi choir hai,1,1
good luck whole team especially assist sharma voice acting perfect,1,1
good stroke let see modi counter offer,1,1
got reached verbal vomit that till assured feeling india run deep hoping modi victory finally ruin country that brain seemed grateful thought and buddha that brain choi choi khushian,-1,1
great achievement india mode address live india successfully destroyed loworbit satellite,1,1
guide set welcome voice startup tennis vice president russian modi modi,1,1
gujarat bjp must,0,0
dream cross dressed find rightful heir big conglomerate stepmother hiding fact bitch fight ensues fire stepmother front everybody corporate silly comedy drama lol,1,-1
haha madam modi single rally elected same ai boat blind trust love,1,1
asked modi resign,0,0
hate modi want ride victory using valour armed force stop level protect throne nothing speak failed policy know fact he one despicable human,-1,0
answered question candidate election modi coming altogether modi done nothing please answer,0,0
seen writing word people say modi fatty,0,0
word people crossed level hating modi reason become illogical extent cannot debate logical,1,-1
hindi translation book innovation republic governance innovation india narendra modi written sir available excellent read innovative scheme modi government,1,1
hopeless case maculata modi,0,-1
using resource disposal address issue minority treatment home first instead pointing finger pakistan didnt modi let hundred muslim die gujarat,1,-1
vote modi vote depend upon ability serve nation,0,0
ecosystem work discredit even celebrate diplomatic victory nav mode case,0,1
many powerful top level politician ever convicted crime indian court last yr hardly fact criminal like modi shah got away reminder broken criminal justice system,1,-1
much ranting one man certainly got educated skin god bless tireless modi long life steer india great nation filled love manner harv harm samabhav stay clear votebank politics deceit,1,1
real chowkidar fought case gujarat govt minimum wage modeled bjp govt hired per month via,1,0
how gearing election much ppl rally need see thing get shape modi step,-1,0
hum chowkidaar modi sir,0,0
hum sir modi support the,0,1
india become supreme power world mission space shaft leadership modi,0,1
india could survive year modi survive anything glad indian,1,1
india election modi say india space power even power travel best,1,1
india achieved deprived till leadership fervent modi home international platform among country worldamid global slowdown country upward trajectory far economic growth concernedrankings improve,1,1
india opposition urge delay modi biopic election loom dhaka tribune,0,-1
india prime ministerindia becomes space super power shot live satellite modi ani news,1,1
indian countryman woman note support modi bjp reason corrupt anti national standard,-1,0
indian express report saying opening poll rally terrorist pakistan want lose want opposition win opposition vote polled pakistan modi getting desperate early campaign,1,-1
india sat country modi,0,0
intact importance modi economic front india caused anxiety sagvis useless crap sagvis,-1,-1
jealousy the thy thy want able rule country ruling vry well the thy being downed jealousy modi way make country super power soon,1,1
appeal gujarat people plz remove bjp feu government made visa leader santa par had eko modi feu marker,0,0
clear fact ppl votebin name modi hebwill win big marginbut unfortunately many bogus candidate winning name modi,1,1
good idea mode speech analysis dont apply re speech surely mad,1,0
good move interaction common man citizen support new india fighting corruption dirt terrorism poverty pledge support chowkidar india modi building new india,1,-1
like pakistan china getting together take india modi,0,0
stop modi majboot marker issue test common pls true understanding election process envisaged constitution farmer read thread rootcause curse poverty change old narrative,1,-1
proud moment brain drain thanks modi sir pathfinder,1,1
shame educated influential it aim etc supporting alleged criminal like modi manga still dirty varanasi driest city rafael biggest scam ever surgical strike number proof criminal lie modi whole chart,-1,-1
jai jai modi chaiwala understand pain chaiwalas modi via namo app,0,-1
jesus christ show cancer forgot awful editing show want watch people laughing pass every four fucking second half way time even funny shit supposed reacting least make editing seem believable fuck get whole thing,-1,-1
shoot toh failaayenge trying every ditch attempt save modi,0,0
joshi modi hopefully,0,1
quick peek result far love fact bjp getting hooped rajasthan chattisgarh good sign,1,1
justice differs modi raul,0,1
justice country modi laughable ever may even cgi mistake take mistake punish seperate rule commandant cgi front law equal,-1,-1
karnataka correct simply ambiguity english script chose one system chose another would say logic kannadigas still dont know pronounce modi whether,0,0
know modi perfect bjp even worse really another option one thing sure gonna get cabinet tell modi become,-1,1
known code modi certified terrorist ask sending next batch plane please send waiting,0,-1
tr trolling cr narendra modi like bos,0,0
last five year narendra modi taken tough action towards terrorism corruption worthy praise,-1,0
last year satellite launch failed due technical issue claim go modi today successfully test fired completed credit go near logic chaploosi bhi hot hai,1,0
least theyre still adamant scheme ready rbi governor whatever outcome scheme least something mind unlike modi cannot even reiterate said recall year he chowkidar,-1,0
let vote bjp candidate elect shri narendra modi let help fulfilling wish,1,1
let see exist strong modi tsunami across india people,1,1
let add modi list,0,0
liberandis drowning cesspool shit beyond point return wait watch lose mind modi win meltdown worse chernobyl lol,1,-1
like modi bypass set ethical conduct process way bypass calling prime minister,1,1
lok sabha election live update narendra modi launch bjp campaign high voltage high voltage,1,0
lol modi sold wont,1,1
lol news show bjp modi picture let tell bjp dont paint wrong picture bjp pakistan pls mind,1,1
look press conference akhilesh work blame yogi modi army,0,0
look like modi h,0,0
look achievement modi merchandise sold election modi pic slogan air india train ticket mein bhi chowkidarcups sold train bjp poster,0,0
looted bihar decade forced bihar migrate state livelihood established bihar politics private limited company family accusing modi killing constitution,-1,-1
lot money demonetisation scam anything still stupid people think modi good honest leader,1,0
love modi want jay hind,1,1
lynching skill mode skill india allowed grow nothing else,0,0
madam mode promise poor,-1,0
make sure dont curse wish produce hate longer another modi coming time additionally educated mussolini like end would needed get rid,-1,0
march almost didnt link girl yet modi accept,0,0
march budget modi gave big relief middle class people want fleet middle class,1,1
master balawul invite chief guest modi protest,0,0
master fabrication modi look judged gdp job data india still come poor second compared mm,-1,-1
atlas kiss such bold argument similar people saying nav modi nazi panda aur courage male chord paid race basically meaning nav modi jin amount nazi church police take action illogical,0,1
may say word please judge correctly everyone reply two pick one resident india shouting destroy india shouting anything else resident india shouting save india destroying india indian bit bit someone please make cartoon post,-1,0
midnight mood choosing bjp modi,0,0
minister space modi dear liberal give one reason would take credit,0,1
mite debut modi super super star,1,1
modi address nation shortly important message high voltage anti satellite missile,1,0
modi address public meeting hyderabad tomorrow,0,0
modi mit shah master planner trust,1,1
modi puppy dog talking www cute,1,1
modi announces india arrival space super power modi announces india arrival space super power narendra modi wednesday addressed nation announced india successfully tested antisatellite missile fourth country,1,1
modi behaving like sulla,0,0
modi best india,1,1
modi biopic row issue notice pil seeking stay film high voltage high voltage,0,0
modi bring pagoda give jump,0,0
modi cannot answer tagging pakistanmangowriting love letter etc reply joomla circus china,1,1
modi come need lt,0,0
modi coming live trading hour yeh don ready hai sui dharma,1,0
modi could talk today,0,0
modi demonetized remonetise,1,0
modi didnt fire missile calm sir,1,0
modi raw agent iran fake confessed carrying terror attack pak soil managing terror network bla exclusively funded india,-1,-1
modi flickr populist switch election draw closer economic time,1,0
modi going get caught airlift,0,0
modi govt sign million loan agreement world bank rural road,0,1
modi grilled hour supreme courtappointed sit riot man came clean chit court people believe law constitution india ask declare son mob lynched candidate,1,1
modi hai toh pumpkin hai talking,0,0
modi permitted ordo undertake important mission completed let take credit problem quibble political leader taken credit act earlier,1,1
modi win worried rest worth take undue advantage modi wave,1,1
modi inch saki make new india,1,0
modi india conduct successful antisatellite missile operation,1,1
modi india established name space power thank,0,0
modi have done indian army fought bravery dont try take credit people vote taking credit vote way might huge impact election result,1,0
modi journey common man trailer eros news web series narrates mode journey,-1,0
modi look like black panther,-1,0
modi lotus rajniti vandal pure soul look nature,1,0
modi narendra kumar bind contest bhadohi active personnel win purity mai narendra mai narendra,1,1
modi narrates hilarious story deal vip culture,1,1
modi never said like people giving credit modi saying like thisplease calm read tweet,1,1
modi india jump india andhbhakts carrying shoulder india peaceful loving country,1,1
modi upto race reach,0,0
modi undisputed leader male sign,0,0
modi pic slogan air india train ticket mein bhi chowkidarcups sold train bjp poster planting surgical strike biopic released such sharma taro,0,0
modi prime minister last year still he trying sale stale chaiwala underscore work last year,-1,0
modi rebuilding economy brand image india modi cleaning mess putting economy back track word modi year ago broken turn,-1,-1
modi said correctly leader counter opposition leader post opposition unity failed total,-1,-1
modi say waste time india pakistan thing let forget move pace last finance minister used think intelligent person india said india economy world,1,0
modi hovering video look hand,0,1
modi start collecting recipe pagoda,0,0
modi speaking truth,0,0
modi telangana whatever work done could done state govt care situation state govt expertise putting label policy central govt okay least work,1,1
modi biggest scientist many guinea pig cloned chart,1,0
modi candidate world richest party earned deceit corruptionyou calling tidal wave,0,1
modi greatest scientist ever experimented guinea pig actual human known chart,1,1
modi corrupt leader ever shameless leader,0,0
modi strongest leader indiathere second option,0,1
modi unbearable,0,0
modi,0,0
modi near,0,0
modi addressing nation important message dumbass waiting announcement time smarter already walking towards nearest atm time smarter walking towards spacex rocket leave geosatellite orbit,1,1
modi certainly come back,1,0
modify nation want know arte job promised,-1,1
mode scheme success twitter,1,1
mode reaction,0,0
mode statement abt suppose black money kept swiss bank bring back india lakh shared among individual given random calculation saying much amount kept swiss bank corrupt ppl india never said ill give lakh,-1,1
modi mantra forget acre din fear terror pakistan muslim writes via,0,-1
monkeybalancing yesterday modi gave tightslap arab ask parva tough question dont fear parva going come back power exact word told arab,-1,0
namaste modi big mistake need give ticket anti sorry say cause failure bjp area,-1,-1
namo modifier best run jailed sir best,1,1
namo devote modi,0,0
narendra modi bind viral lok sabha election seen yet,0,0
narendra modi india trying make better world making india better people like make use social medium spread message,1,1
narendra modi outgoing cant take call issue eci,0,0
narendra modi biggest contributor viewership channel facebook youtube twitter etc,0,0
narendra modi today march ago india achieved historic feat india today registered space power till country world america russia china achievement india country achieved feat source,0,0
narendra mode mega main bhi chowkidar interaction live update,1,0
nda introduced election bond without transparency wrong secrecy narendra modi run jailed supporter nda,-1,0
need modi save hindustan proud bar modi marker,1,1
new today mode address nation mission shaft,1,0
newly aid accept modi good contradicts statement calling name workingtrying hard weed mess created regime,1,0
news live update sends second notice ministry civil aviation boarding pass modi picture click,1,0
news modi gadkari silent mendes statement jun,0,0
next campaign theme modi counter mocking boot fame shared tripathi meta boot sabre mazboot,0,0
nice joke know toi modi longer,1,1
nav modi case delhi court summons top pnb official rbi complaint business today,1,0
nav modi vijay mall indian fugitive owe crore,-1,0
drama genuine feeling whatever kejriwal actual drama damn kejriwal eats badly cooked meal tell person cooked creating drama modi start cry listening comedy night kapil genuine feeling message received,-1,-1
catching hold oval defence failure pulwama attack modi chart proved india matter matter ego bigotry keep ideology high modi chart biggest traitor india,-1,-1
joking honest one friend who modi supporter told near died aid told aid invented near died called antinational,1,0
modi dont make false promise believe good cause eradicate poverty,1,0
nothing see heremodi desperate create casualty portray patriot get vote,-1,0
nothing wrong modi said banter find wrong ceo response remind advance said medium emergency asked bend many showed willingness crawl,-1,1
blame modi high level pollution delhi file another pil sci pm permitted action air delhi breathing,1,0
shah modi cut ticket public nothing,0,0
alliance modi wave bjp win max,1,1
course madam extensive travel across india little math data article writing along liberal friend carry lot bias intent shape election narrative modi,1,1
one government supply block pashtun war cost higher,1,-1
one thing show link video show modi calling press meet saying put account rest case dont fool seen selective understanding fool past,-1,1
one country doubt narendra mode patriotism one question prime minister watch,0,0
one question answer modi need another year sacking private political party quoted also could listen minute huge amount hatred,1,0
modi presently handle dragon wickedness sir jai hind vane mathrm,-1,-1
modi courage,1,1
modi talent make seem like technical capacity conduct space mission,0,1
modi marker jay hind,0,0
possible destroy ecosystem completely able destroy ecosystem completely modi come,1,-1
reckoned blackmail tacticsits substandard lawyer modi govt always faced humiliation supreme court faced economy,1,0
ooh republic time stunned must knowing bigger cancha modi next modi interview pre made question released via dpa associate print medium wait,0,0
opposition leave hai dont sense left anymore nobody willing take serious logical guy support good raise question wrong looking mahagathbandhan dont think agenda get modi,1,0
ra looking change security agency newly appointed chowkidars bjp modi interested,1,1
waist dont understand great fear modi best ensure safety wellbeing whole indian brother intolerant present prime minister india narendra modi,1,1
waist sound much safer bjp goon sometimes,1,1
pai best always linking meeting pro modi loser,1,0
paid medium paid itelligencia paid defence guy false propaganda modi must save money losing election big time must planning future stop,-1,0
pakistan shot opposition kept asking abhinandan return say modi indian express,-1,0
pakistani talking proof biggest example kalbushan yadav indian spy terrorist caught red handed baluchistan pakistan accept indian terrorist mind set follow hitler agenda modi hitler century,0,-1
patriotism vision honesty dedication decisiveness hard work modi exemplary unparalleled country need least five year need vote support pray victory bright futuregod bless,1,1
people chanting modi modi rally also abroad people organising road show show support prof point,1,1
people flip modi sha becomes whats name khushboo khusaboo,0,0
people home eagerly awaiting nav modi much support love india would want seek foreign citizenship,1,1
wikis celebrate modi speaks start run cover corrupt song,-1,1
please find enroll thread underreported disaster modi govt attack environment exaggeration say share think interesting,1,0
please vote narendra modi,0,0
pls give break saw modi video simply ignored senior photo click moved,0,0
plz approach supreme court fastlywe waiting movie released someone say modi us institution personal thingsbut someone us institution personal benefit backstabbedjai ntr,0,1
powell give modi whistle cap akbaruddin waist chowkidar campaign,0,0
poem penned narendra modi used web series life,0,0
poor modi wanted keep designer suitboots gifted gujjubania copy modi love courtier fellow colleague warning,1,0
poor modi see desperate drowning face,-1,-1
possible modi prime minister met countryman repeatedly,0,0
power cruel measured poverty line term food calorie value said enough sustenance defines poverty line power say modi impoverished indian minimum assured basic minimum standard every indian,-1,-1
present need tough baa protect enemy look loot finance make fiscal disciplined put path progress guide establish serious empowered nation modi option elected,-1,0
pub playing duck brake depository money throwing good money bad money fighter know run bank ready run dead airline please modi win election,1,1
purpose served except inflation breach narendra modi,0,0
ration ni after modi plot magickingdom,0,0
read entire interview judging based headline clearly stated cow slaughter warrant nsa sedition act,-1,0
refrain personal cheap attack modi like marry person half age,1,0
remove modi hate optic search google,-1,-1
represents proud moment every indian citizen path becoming space power great capability defending air space asset start arm race visit,1,1
reserve prepare vacancy modi end may may able join school train chart,1,0
resting advance joshi age modi actually kept hindu sanskriti tradition rest old ppl old age let work,1,0
bowling reveals modi become,0,0
utc last election due modi lamar otherwise sk last year also cabinet food processing tourism minister though nothing tourism thats fact,-1,0
such same gay aur hamesha aayegano matter many keep fossilized india yesterday modi winning big fake channel sitting pant,1,0
modi planned fund lakh every indian,0,0
samjhauta express bombing prosecutor like nia need defence nia cbi boot kicker shameless modi nia saved r bjp follower brain modi shah god save india shameless modi shah need kicked,0,1
sander modi back,0,0
are choir swath race main make difference modi,0,0
say dont vote modi anti indian leader lead democratic country like indian according indian anti indian,0,1
scam century modi government scam gujarat water supply sewage board scam expense worth listed per accounting standard prescribed institute chartered accountant india,1,-1
scientist mm remained scientist modi mmswhy modi difficult puzzle solve,-1,0
second spoiler warning real mvp brush,1,0
seek comment maker prime minister narendra mode biopic delaying release,0,0
seems happy whatever good happens india difference modi understood hate india space mission success really make firm slap hard next time see indian airport,-1,1
seems really proud andhra vote modi india contributing nation building there corrupt state dream expanding corruption,1,1
self declared powerful band dia letting medium mock,1,0
sends notice producer film narendra modi cpm complained film release saying done political intent sent notice newspaper march publishing film poster promotion,-1,-1
shame state modi responsible dept space every right address nation successthese people stuck,1,-1
shame,0,-1
shameless monkey balancing modi hatred making people dumb core india ruled law indian court even power punish govt pakistan shameless monkey balancing appalling,-1,-1
fight modi varanasi time,0,0
hide behind woman rakshak challenge modi call mark,-1,0
show one byte modi promised lakh,0,0
simple question many gujraties join indian army modi government tenure body answer question,1,0
simply put dont want modi highlight unadulterated achievement indian midi,1,0
sir best wish election may god bless win jumping margin country need young leader like follow footstep modi beloved setting milestone god bless,1,1
sir one suggestion one modi rally must,0,0
sir whole india proud india need leader like young fit wish god bjp come centre sri modi prime minister india,1,1
sir forgot surgical strike crore indian way demonization poll india capable conducting surgical strike sphere land sky space modi meet via,1,0
smith iran,0,0
chinaoccupiedpak premi gang need burial india stand foot paris series cant tolerate dream sell india vanished,1,0
someone asks politics leaning best way explain personally share antibody meme see good one think twice liking,1,1
something bjp brain fathom worry modi trouble lie misleading financial data coming thru expert justify debt loss created educated,-1,-1
something reliable modi giving billion copy denied army request helicopter,-1,0
staying home one save money pain people twitter fun said like seeing marshall illness,1,1
stop bullshit one expect indian except lie propaganda people led terrorist modi exactly behave like whole world aware false propaganda fake nonsense indian medium modi govt,-1,-1
super excellent work india always vote narendra modidrpravin drpravin bhatiapeace ambassador united nation,1,1
surajewaala manor jha ncp rep say big leader like fight seat modi fought first time sure win vadodara also chose varanasi represent state give seat parliament driven back gear warned,1,0
sure omberok son look like really bad wax version modi,-1,0
surgical strike going even upa era didnt publicist like modi,0,0
target amount archived amount modi marker exceeded target nation proud strong leader effectively utilize give strong mandate bjp,1,1
tejasvi sure said video left liberal like going say thing happening also right opposition one agenda stop modi,1,0
term bahai understand modi majboori,0,0
sucked tweet getting steam hope pay anything police official shared,-1,0
thats call bjp supporter and chart,0,0
thats modi,0,0
thats modi give country hindu state disappointing change whole face secular india,-1,-1
thats antibody chill,0,0
address nation away bitterness part modi regarding coming election available anyways never taken address nation communicate thing vajpayee didnt pokhran maybe modi jee afraid press,-1,-1
biggest contribution finished dallas operating govt corridor stopped gravy train pseudo intellectualsliberals etc lived govt largest lutyens medium intellectual gang arm modi,1,0
chosen last time people altar modi wave aint modi wave time kindly rethink idea choice move definitely result loss bjp fan,1,1
first time joined national party honoured work prime minister mode leadership say jay rada joining bjp,1,1
guy link mode are openly every night doesnt shy away making ridiculous statement like india ready modi big change he good soon,1,1
holy manga carry holy payload fact part collective consciousness decade also seen token effort rid sum stop affluent violating collective failureblaming modi hyperpartisanship,-1,-1
indian economy suffered people lost job people died standing line whole country know demonetization loot modi,1,-1
kinda shit toi mind publishing shred chance bjp win wayanad place kerala kerala begin place bjp keep high hope,1,1
modi govt union cabinet per cent foreign investment railway infrastructure project allowed case defence limit raised per cent namo,-1,0
try prove modibjp wrong come false promise stronger modibjp india get carry,1,0
people india going reclaim democratic space may year writ mandate issued modi marker,0,0
picture narendra modi turn poster govt initiative provide lpg connection poor people supreme leader alright mfa,-1,0
real speaker bjp modi,1,0
record set narendra modi become first probably last begin channel name namo destination election result even election,1,0
successful execution proud powerful historical moment many contrast drdoindia indian rather live financialxpress,1,1
us mean created modi govt prachaar well promise money transferring jandhan account isnt progress,0,1
world see new india huge improvement international ranking hon modi government,1,1
modi keep quiet didnt answer,0,0
literally way killed people many fucking people cover ff people die predator strike every newspaper west writes fuckload people blow many people somehow covered whole thing disaster glad ball something sending jet pakistan message bundled indian military need upgrade equipment armament pdf jet crossed indian airspace shot abhinandan engage year old jet,1,-1
kind thing hurt bjp unfortunately kind people want become politician,1,0
corrupted still roaming freely modi shouting coal cg meanwhile dont change twitter handle chowkidaar,1,1
try again guy chance kerala cpi almost cult following cannot thwarted even nuclear weapon,0,0
loot white collar loot least nav modi vijay malta looted officially guy loot like anything,-1,0
think modi promise similar thing way greedy people vote bjp seen recent assembly election,0,0
thinking one best twice felt wrong hal established independence ordo established iso established death near oppose modi keep real fact fake,1,-1
first time thanking near last modi understand value leader ship men amount contribution towards india abandoned,1,0
showcase modi campaign election dont think like self benefiting power show everyone election campaign tag reach people think,1,0
political statement becoming air force chief thats modidoval duo reduced service chief,0,0
section retreat part section dharma guide wrote suggested book list cloud access book assorted tip advice retreat dharma practice want larger guide email send,0,1
shameless wrench mariner modi looting using nation wealth publicly election commission look urgency mode address nation fortnight lok sabha poll,1,0
sha educate bath like another question raised alternate modi red question mark dude worst red question mark alternate red question mark even fit municipal member worstest r real controller modi dummy piece,-1,0
good news fellow middleclass ppl happy modi get ready tax joker nota vote nya scheme funded high tax inflation via,1,1
law tearing apart freedom religion remained ignorance modi never take away religion spite new rule make christian muslim,1,0
this modi guy sixty man,0,0
thing help mandatory modi,0,1
vote ensure govt need deserve anupam her responds mode vote kar appeal election via namo app,0,0
today india successfully demonstrated capability shooting satellite modi also addressed nation success lauded scientist engineer involved,1,1
today modi breaking important news fire as ndtv request every citizen subscribe channel save money,1,0
today big day history country modi chorus finally hit scam century,0,-1
today big day history country modi chorus finally hit scam century scam,0,-1
tomorrow british sandy get pile fault modi,0,-1
totally deserved awesome game,1,1
true taken well forward modi like true disciple,1,1
trump stupid master modi,-1,-1
twitter ahin ahin gay tweet problem economic policy get corrected modi govt responsive,1,0
ujjawals romana another jumlamodi lie bust commanderhahaha,1,0
understand pain problem community everyone get opportunity grow advance modi,0,-1
varanasi difficult modi party support one candidate,-1,1
veteran actor jay rada join bjp,0,0
vijay malaga scam gave public money british citizen without guarantee taking bribe want give name pocket looted tax money,0,-1
violence uttar pradesh helped modi take power peace could kick south china morning post,0,0
vive omberok star next star war india portraying modi,0,-1
vote modi want india stop pakistan water vote others want govt appease enemy,0,-1
voted modi last time careful dont want miss vote time,0,0
voting modi threat constitution bone male complaint karen chase nautanki,-1,-1
pat demanded opponent em implemented opponent became loud enough say audit electronic match paper trail independent verification whose presence audit conducted,1,0
wait till modi come tell nation dumped apple music spotify,0,-1
waiting modi address,0,0
want modi,0,0
fun watch sure shutter shaky mode hand kanhaiya grilled fact right busy memorizing love letter,1,1
intrigued people blame modi every bad thing criticise every good thing probably aberration democracy,1,-1
lying long modi space terrorist destroy harmless satellite,-1,-1
wasnt invented modi well need get clustered santa class promise taker,0,0
watch modi say people seen year instability want stability,0,0
watch best ever video story mode,1,1
weed energy modi behind yale university degree holder,-1,0
welcome hindutva claim islam oppressive openly boast wanting sodomize woman speaking mode india,1,0
welcome modi kolkata city joy,1,1
well afford done modi era,0,0
well spoken debate tejasvi sure departed middlewith excuse party rallylol modi spends crore facial ignores frameless kanhaiya kumar election news,-1,1
well shall hang anyone wanna meet burger hang,0,0
west time movable speech telangana state telangana people always cr trsparty modi pnzz away modi aab rowdy jai telangana jai cr,0,0
beat jail chant modimodi karnataka govt liable,-1,0
say fueling love may see something negative abt modi diverted like,1,1
india modi born india built nuclear research station modi played ili hand india built hirakud dam modi year,0,1
modi announcement,0,0
cheating bark modi speech trying justify questioning thing,0,-1
india want modi,0,0
khejrival said absolute truth going happen r led modi come power end democratic system election advent dictatorship whose sign already visible,1,0
wrong statement correctly said ever modi fear,-1,-1
whats basis assessment source data information gathered praised analysed claimed modi govt fulfilled promise first know profile,1,1
modi bjp become needy people,0,0
modi hit opponent delight awesomeness overloaded falling love management style hitting back opponent,1,1
modi launch per year farmer support many economist asking money going come want see face today,1,1
vajpayee died pakistan mfa tweeted urdu couple recited visit began word allow another war yet confronted margin war initiated pakistan general,0,-1
passed kid modi chart job one dont get disheartened talent skill get one soon dont try acquire,0,0
elect many year indian people elect modi except opposition fails morarji singh chandra shear rural alkali also main second term modify destroy personal value leader gain win without wing,1,1
gave loan conveniently giving detail except run away scared modi understood,-1,0
responsible list upa upa want modi clean,1,1
much worried tested today wasnt tested hate modi,-1,0
leave biggest liar theater modi local already given spot,0,-1
earth would even bothered early facebook rating hold absolutely significance unless private business organisation like people planning approach min external affair facebook page see bad rating suddenly decide apply ministry visa,-1,0
modi contested varanasi still dont know answer check result,0,0
modi win election,1,1
something doesnt finish tenure done bjp honourable narendra modi,0,1
election looking like modi versus nothing writes,0,0
criticize modi speaking defend masala speaking modi spoken multiple time lynchingsbut fact come propaganda,0,-1
modi present evidence failed air strike,-1,-1
due respect agent injecting hate name religion india breeding like modi nonsense gang face even worst power reduced coming year,-1,-1
would far better head ordo made announcementthis even beneficial bjp modi,1,1
would like draw attention towards plight foreign medical graduate numberswho left lunch repeatedly failed nbemci name fmgemere passing rate lacking lack bb doc hai pumpkin hai,-1,-1
would rather happy pay per month poor people ambaniadanimodis foreign trip tax pay,1,0
yeahnot memory team,0,0
yes modi yogi best choice every indian,1,1
yes sir youre right smoke actually nasa,1,1
yes accident modi oval bought,0,0
yesterday modi roaring speech torn opposition leader way wash foot wivestill may,0,0
anything modi going utter name nearly six year taken name,1,0
fan ever modi big deal swami,0,0
criticism people criticise exist,0,-1
answered question like modi,0,0
dont read whole newsthis attack basis cricket matchid fight neighborhoodwill blame modi atleast speak fact check,1,-1
started hating modi best india lot understand hallucination take care hear election result may might even get shock need serious treatment better visit nimhans prevent,1,1
mailed man one give fish day expect problem vanish narendra modi government enabling people learn fish point,0,-1
politician anything vote whether modi promised dont know money come stop low standard politics need employment amount money year,0,0
interviewed modi g,0,0
pay tax ambanisadanis rule india dallas chowkidaar maalyachoksineerav modi run away money,0,0
support modi book give jump,0,1
tweet people modi make meet people,0,0
want saying modi brought kia motor,0,-1
sleeping modi run gujarat varanasi see mayreserve tweet,0,0
anchor tried hard get language form representative didnt succeed except cong representative surprise see willing give credit modi decision,-1,0
likebut hate drink country healthy people healthy may possible guidance modi,1,0
time family ruled yes ground zero want modi decade,1,1
wife tweet sat test chew space thingyand journ small hull bar plant mein door mark moon hate modi turned hate india sugar ja,-1,-1
yr cong loot either directly indirectly put india miserable position till modi came stopped illegal flow money coming world praising india hand corruption farmer giving money freely,-1,1
ready sacrifice country modi,1,0
chowkidar election time than modi sir acting election time,0,0
every institution various cultural social orgs directly govt control dependent govt taken stealth others blatantly threat holding back others infiltrating governing body,-1,-1
matter political resolve modi gut take action must take,-1,1
modi fault know sure,1,0
giving birth many child growing achieve mile stone way creating organisation like iso govt need engage energy empower deliver growth success nation modi mantra,1,1
really bad idea one worst law enacted modi govt,-1,-1
simple case sedition col per statement modi bigger india,0,-1
