cara família cois sagrada você casa cara por mais escort que ele sea todo mundo tem set problem respite família do otros posse você primeira heavença tina saído sem flag nada ego corona aeronave não tripulada,0,-1
gandhi never spoke strongly holocaust mean protest accepted kek,1,0
official ceremony temple complete zen master robe chanting incense burn whole work,1,0
raul vince raul vince wall cocaine liga hai kya,0,0
shit post like getting vote good indicator way active editor lean cultivated rock solid professional victimhood mentality jihad harm such mode,1,-1
harbor cleanchit trade mark incoming,0,0
npr donation money since go bernie,0,0
anyone start kept city clean since plague maybe rest country learn experience,1,1
famous devoid reality sound like perfect vehicle depict,1,1
please take tougher stand spamming one idiot red shit lot name bringing iran khan back yeah removed person back alt,-1,-1
congress cant wont promise,1,0
consulted many economist including raghuram raja minimum income scheme rahul time,1,0
crazy washington post reporter byline anonymously sourced leak incoming,-1,-1
got admit paying much attention roster shuffle region damn gonna hard realistically think t win split imo weak link mike probably got prove hit wonder consistent longer period time also gonna interesting see hunt dardoch carry echo fox cool win egg gonna come way last least team look super interesting got admit,1,1
guru know initiated hindu india movement nobody knew wished bharat,1,0
india shot satellite bad course nationalist belief power,1,-1
imitation highest form flatter,-1,0
sweep happy congress math bharat coming fruition,1,1
jail aum kya parti hai us par panda decision mat,1,0
look like nation realized guy megalomaniac,-1,1
nda govt performance get avg rating top voter priority area new late indisputable result prevailing deficit sector say namo drsasi,-1,0
would focus providing security soldier inciting hate thing like would happen learn already,-1,0
pakistani ruler faith indian version quote quixotesque antic help overcoming wrath baki sub paper apps gathbandhan thugbabdgan pumpkin,0,1
paper mura affecting filmmaker,1,0
rahul say remonetise demonetised money congratulation rahul finally accepted biggest choir india max black money,-1,1
lavish kumar nail nationalism democracy lnfrmfk feature youtu,0,0
said info capacity info one know abuse power violation model code conduct,0,-1
say guy said want congress must bharat,0,0
sir since made sun come early past one week start frying pagoda early proud sir,1,1
thank god staunch nationalist,0,1
country populated max therefore become result,0,0
totally agree nya could become another instrument massive corruption hand congress bunch dacoit,0,1
time upa congress ruler given huge loan phone congress linked businessmen businessmen fled india taking huge money guilty next time see india would break hand leg,1,1
