understand people obsessed figure like way think make govt army look like idiot count shit like appreciation ever goodness action part bass keyboard warrior reddit india would shit pant leave mile border,-1,0
family kerala think racist hindu supremacist dislike modi time admit much trying push india right direction,1,-1
feel somewhat happy proud statement,1,1
god current situation india pakistan actually better economically somebody said pakistan would glad,1,1
told wife keep producing child planning get involved modern something lost translation,1,0
look modi boy run away form live program haha,1,1
make easier medium identify wearing modi narendra damodardas modi modi narendra damodardas modi collaboration narendra damodardas modi modi narendra damodardas modi,0,1
modi jeep vote modi jee,1,0
please vote kannanthanam,0,0
quite confused someone please clear la vote party confidence vote illegal yedurappa much confident form government miss math,-1,1
coca cola company happy keep drinking garbage,-1,1
wisdom podcast choke nima rinpoche talk past life memory greater context dharma practice inspiring mae che knew biography pdf also inspiring retelling experience recalling past life became adamant mid important keep topic within greater context practicing dharma view isolation something mystical meta,1,1
unkooda eppothum comedy than man every action equal opposite reaction proper opponent attack modi never fails someone better modi also support,1,0
make county publicly shame little disney bird voice come trying threaten people least make seem threatening,1,-1
crore india modi doesnt need apologize insult international platform say something political party becomes shame,0,0
mission win modi ii,1,1
rocket science modi,0,0
photo modi,0,0
across aisle want manager watchman indian express via governance bjp become circus ringmaster lion tiger whip cracked lamb rabbit,0,0
modi saying,0,0
modi storm currently saying internet,0,0
year naroda see road change modi,0,0
agree god forbid mission failed would termed failure modi like sat liberal medium blamed modi case called breakdown also,-1,-1
guru guy family watch modi bollywood film trailer together dinner,0,0
know modi lie teeth would case would chilling london,-1,0
television,-1,0
seat bjp much ego,1,0
survey show canada chalice sir modithat end battle,0,-1
earned lot rule despite desperately want see bjp win lok sabha election rest voter want modi banda defeated,1,1
alleged liberal asia draconian act modi hmm perhaps revoke part north east alleged liberal attack church,1,-1
already confirmed sure tejasvi modi future modi young energetic,1,1
also modi best good luck coming election,1,1
hindumuslim riot right hindumuslim riot period supreme court special cbi team gave clean chit modi,1,0
people wonder r bjp supporter vehemently racist towards south indian believe ryan dravidian divide even though claim reject ait believe superior race specifically north indian upper caste,1,0
still unrest society gdp growing pace mode popularity reduced spread lie,0,1
anti indian anti modi,0,-1
idea gift supervisor leaving company asking friend,0,1
anyone noticed chief removed job investigating case nav modi vijay malta,0,0
ana boot sabre majboot male mla bhi koi arrest karla using foul language public premise,-1,-1
sure coming day indian scientist reach greater height targeting hostile satellite regular space orbit well achievement fill country pride modi need announce model code conduct,1,1
channel marketing narendra modi bjp,0,0
arab best asking question modi,1,1
run speak thing know ardent modi that government like previous government done nothing sharp draconian law lakh family suffering anger justified,-1,0
aye read approve nod ahead modi trusted told forward,0,1
back belgium vote modi modi namo yamaha,0,0
bar aye modi marker another kind that assambsp meta long gupta sabha puja ousting power,1,1
bios modi,0,0
became country world posse weapon great achievement modi hey pumpkin hey,1,1
confident tax utilised today india aspiration middleclass contributing immensely nationbuilding modi govt recognising dream contribution important segment society empowering,1,1
hillary lost bill clinton michael moore hillary staffer joe biden saw writing wall hillary going lose focusing middle class america tried warn drag back center inner circle want listen nationally televised presidential debate hillary said smile going put lot coal miner coal company business part green agenda middle class america care job education care gender neutral bathroom clean energy much job education kid left went far left leaving many moderate behind also obama dems promised moon deliver hillary seemed like many people change election bernie sander popular,1,1
lynched death privileged moment modi dont know privilege apart,-1,-1
believe every indian see feel modi nobody worth looking,1,0
bjp narendra modi indirectly responsible injustice,1,-1
bjp life stay away news channel already advtisment far modi bhaktso bjp fan dot come read count asking suggestion stay away,0,0
bjp grow pair bend front kind shit,1,0
bjp shout beta bach giriraj singh share stage bihar shelter home convict manu versa today bjp shouted remove corruption modi shared stage nav davis,0,1
blood modi,0,0
brother need pick cunning way politician writing clearly implying say dot modi govt deliberately want send particular message without saying,1,1
build strong wall stronger great wall china strong like donald trump america strong like narendra modi india strong like netanyahu israel,1,1
modi please tell vision upcoming five year,0,1
come modi taking fall,0,0
till come pulling modi shell lend support year old small boy next prime minister india place honour called united opposition,-1,1
pradhan seat star,0,0
make youtube speech cant make ground work tell mentioned problem get solve indian vote modi problem created previous ruler modi trying hard solve still meeting,-1,0
opposition face modi,0,0
please pin point example divisive politics modi,-1,0
someone make compilation bullshit bjp people said please,0,-1
compare near intelligence modi,0,1
central govt purchase rice farmer sell state govt govt sell public giving side great mean giving say modi,1,1
centre state govt working together make india free narendra modi,0,1
china year back please check chinese premier declared world dont election china reason announce modi,-1,0
choose moon world famous line speech delivered president john kennedy imagine modi giving speech indian astronaut land moon imbecile collectively kill sheer modi hatred,-1,-1
choir hai hai please invite join company raise bhi last name one common,-1,1
chowkidar choir geetika swami vote choir modi problem upper caste chorus would vote,0,-1
common sense flower grow everyone garden,-1,0
congratulationsthanks giving ticket young bjp win modi,1,1
could fixed last moment role signing order result help nav modi,0,1
cow demon low modi faced would wise man like threw away hp gujarat post case cow gurumurthys get next turn,1,1
damn mode making everyone hindu fascist chauvinist,0,-1
day train ticket narendra modi photo created future indian railway came fire serving tea train paper cup campaign phrase main bhi chowkidar printed,1,0
dear american time forced cooperate modi india,-1,0
dear rajdeep loyalty towards first family unquestionably wondering motivates hatred towards modi money subject organisational politics defying theory motivation,1,1
definitely mode wave uploading ever across country,1,1
democracy sha karen haq dia sank kon yeh log i haq bull done page,0,0
democracy taking matter hand people make sure work done concerned authority government today democracy reduced year voting taking hitter proud largest democracy rti policy framing implementation along analysing fact taught educated people thing democracy government kept leash way round choice government could get shit done high efficiency country like india unpopular opinion know always feel right,1,1
demographic guarantee seat idea win minimum effort campaigning like modi varanasi modi varanasi total alpha went proverbial lion den,1,1
surendran opinion modi made grand promise lakh crore job smart city etc,1,1
didnt get modi never said give,0,0
dis modi shut come,0,0
anyone know bjp going mitigate current situation going turn really bad southern state turning bjp guess going tough keeping silent let sock strategy going work,-1,-1
dont base opinion result national security important factor electing central gov good modi bringing discussion,1,1
dont believe modi space personally collection proof see success,1,1
dont say human whenever modi foreign trip never asked vote,-1,0
dont see much difference mode chowkidars bilawals jiyalas shameless idiot ready accept truth,-1,0
dont want reply want action modi perfectly fine,1,1
david activist led campaign thankful narendra modi desk basal raja main,0,1
ordo chief mission shaft upa give nod modi courage india news indian express via,0,1
easy bank credit chutiya feature lead npa sand modi retrieved npa enacting law want disperse money,1,1
education impart ethic pre school surgeon school surgeon php,0,0
effect modi govt failure,0,-1
election commission given cleanchit modi address violation code conduct,0,-1
election commission investigate speech shri narendra modi section,0,0
election stunt budget jumping something modi got,1,0
electorate love modi,1,1
enamoured politics ideology r bjp tejasvis tweet eulogise prime minister narendra modi speaking issue playing nation,1,0
explain modi lie false promise,-1,0
fact check modi govt,0,0
fan congress jds let speak style raid der decade modi raid take credit duty matter government power dont give credit modi,0,1
fashion india thing happen get blame kejriwal sacked bef japan felt india modi govt consists minister ia ip govt officer responsible day day business hope people react,1,1
people hate modi basis religion modi love every indian unconditional irrespective religion,-1,0
first bring back india modi leaf mid asian country tour jai hind,-1,0
first instalment lakh may house toilet already given indian rest balance payment elect modi,1,0
firstly answer modi mentor wish pakistan secretly national day afraid wish publicly show policy and aur bahai gut express faith people vote youandar bahai nazi cholera,-1,1
modi election pakistan india,0,0
nation dare must govt spine shocked scientist splendid showed unshackled modi govt defence force freed proved settle uri pulwama attack,1,1
fresh controversy mode picture air india boarding pass,1,0
funny indian muslim vehemently oppose modi shah making nonsensical reference pakistan election rally totally fine sad waist whats even embarrassing sad gain patriotic browne point,1,0
get shouldnt get afflicted modi ailment civilized educated modi,1,0
god guy bullying established actor replying modi marine situation ordinary person dont ball question rrthoo,-1,-1
go faster modi voted back,0,0
good least learnt amount credited directly father used mention minuscule reach beneficiary thankful modi,1,1
good one hate modi,-1,0
good didnt watch although didnt either reading view today paper could easily see pakistan wonder modi lately tolerated long,1,1
good work modi govt,1,1
great going sabha great going modi,1,1
great intellectual great logical humour salute face mit shah modi ji beard lotus sign cap well uniform great work,1,1
great thanks coming expressing thought openly saraswatji least hopefully indian take pride ordo scientist achieved clearance motivation modi,1,1
haha expose jailed attack modi moon,-1,-1
haha modi jee projectile calculation designed shell structure optimized fuel load fabricated entire system launched height foolish haiti,1,1
happy newest drama modify,1,1
happy world theater day mahodaya happens one company lie lama,1,1
har har modi hai modi visa,1,0
done atleast last earthen hype lot voted name change time also want changebut little changeabki bar nazi modi marker,1,0
promised lakh direct account job every year mentioned minimum amount may transferred definitely minimum amount think time modi make commitment every indian double money,1,1
used office prime minister sell shirt force plus advertise modi behave prime minister stop low argue well whole well pm app never marketing tool level dignity,1,0
hat dismisses modi effortlessly effectively,1,1
never seen head state democratic country campaign like modi think opposition leader,0,1
seen modi chart sewing venom nonmodi supporter india known respecting individual view even family wonder chart family nonmodi supporter spec venom,0,1
shame projecting achievement modi absolute disgrace scientist worked hard,-1,-1
headed toward beach take beach express welcome,1,1
expos√© done cobrapost time group admit working bjp irony chart call toi anti hindu newspaper,0,0
trailer upcoming web series modi,0,0
hero inspiration modi,0,1
hey swine ever man come india modi reelection might existential problem else fine worry,1,-1
hey news modi wait deepika padukones padukones,0,0
honestly feel absolutely pathetic common man asked curb support next people phone tapped advocating support narendra modi taken task,-1,1
prove technology existed duly tested loonngg trimmed hate modi keep try idiot,-1,-1
many total ministry many ministry demand grant gulliotined pr data showed decreasing trend discussion changed modi govt,1,0
modi made later thank scheme helpful people need bashing someone getting benefit scheme,0,1
congo president reward coterie making false statement writing article fact modi bjp,-1,1
modi marker likely return power affect nation tell select group would want modi occupy opposition bench sanjeev natvar,-1,0
hussain she kind information modi india growth minority population whereas declined country last year,1,1
idea aiming suggest compare mode five yr five yr govern dont forget keep mind state nation health took,0,0
idiot take leave scheme support modi good work continue question doesnt support core voter still vote matter complains still best among lot blind slave,1,1
ill vote modi,-1,-1
india hindu muslim brother brother muslim targeted target muslim indian give answer modi,0,0
india change story iaf keen crossing loc bomb target decided fire pgm indian side loc indian express learnt contrary pak claim iaf aircraft crossed loc per radar data reviewed iaf closest pakistani aircraft distance,0,-1
india election five year narendra modi varanasi stand divided special report uae editor,1,1
india shoot low earth orbit satellite creating new debris field,-1,0
india shoot satellite space join elite club modi,-1,0
india shot lowearth orbit satellite narendra modi via,-1,0
india today thanks nehruvian vision ilk r running country india would hindu afghanistan modi adityanath sum driving countryman direction,-1,1
indian railway found promoting modi election agenda poll code violation withdraws main hoon chowkidar tea cup via,1,0
india failed near last option song take modi,-1,-1
intention count capability removing poverty surgical strike removing corruption count debut gut say todo modi continue,0,-1
interesting lot site already comfortable new axis come fruition get much worse also modi really good idea even right thinking indian dont like,1,1
isnt becoming wontlok sabha choose newer facemodi fake even face bypass guystheyre also bored childish monkeytricks jail godhratheyre ruling country,-1,-1
iso maybe formed near claim gut implement modi salary,0,0
issue vote bjp cong right democracy everyone right democracy right saying muslim taking art religion this fact nobody cannot deny muslim keep arising modi hindu fact,1,0
modi,0,0
national achievement modi announced election mimic,0,0
really proud continuing progressive take place top country group thanks narendra modi,1,1
jay para bjp,1,0
joshi informed ram lal modi shah atleast rajnath singh dont know bjp party function ppl founding member deserve better farewell,1,0
jump patented word law say used modi please careful using jump get fined nasa,-1,1
exposing fear desperation get modi power speaks definitely something worrying whole ecosystem ppl like lau mulayam mayawati flourished helped like minded grow scared,1,-1
need show evidence video modi said give counter another tamil interviewer wont work video modi said know cannot get never able never said,-1,0
search modi speech google listenmodi told give every one told black money return swiss bank large amount used speak truth dont divert public type tweet,1,0
see squirming dont even think br writing blinded modi hate ideology great pain as much hullaboo every thing koi announcement bhi are kyu porch avenge time really edit show,1,-1
watched ordo chief statement cnn say cost give ahead project gave full credit modi giving ahead advice trust ordo chief visa vi hindu,1,1
kallumama dont remember let remind modi went bryan pakistan day getting time jail,-1,0
are bhaiaadat major main medium male today great day indiawould given hitter china pakistan modi hater seem panicked,1,0
khaki spin success story sale top crore ordo near antisatellite narendra modi,1,1
killing japan cheap politics asking vote name soldier modi patriotic without modi standing japan called patriotic,1,-1
such bhi ker modi,0,0
least requested election commission clearly know modi controlling directly put,-1,1
least swami admitted modi failed economically,-1,-1
let investigation finish govt act ask question investigation yet done everything modi guy lost control god help,0,1
liberal day chassis offer support praise modi,0,1
list name filmmaker ban watching film future mp appealed ban modi happened next know,-1,-1
live update people india decided mandate chowkidar never injustice narendra modi,1,1
lol modi high word play,1,1
long live beloved modi crore indian want see,1,1
look like modi doesnt think much chowkidar ability,1,1
look like someone bother constructing thick wall around server,-1,0
low key glad india collapsing study exam,1,0
lucky india honest secular antinepotism leader modi believe fool highly intelligent leader show piece satellite hit sat missile show ballot dead body,1,0
manga shell kannada let argue want modi well work towards together,0,0
medal like modi mark worldfor happiness peace progress,1,1
many bjp candidate may win modi candidate lose despite modi,1,0
mark word election held today still win seat delhi bulk muslim bihar voting ensure,1,1
massive disclosure upper ordo chief sarawak reveals government didnt give resource permission complete mission shaft credit modi nsa oval,1,1
may report year ago manmohan singh govt india attained capability modi claimed today read report back importantly report name mm show dick,-1,0
may may survive till may modi headed maxi,0,0
medium rarely recognises feat work top something hence least ensure enough publicity achievement given good modi spoke else none would bothered,1,1
missile launched successfully reason scientist modi raid happens corrupt reason modi official hd aware swap buddha itkond atari nim pagan page badge banda page matadbedi,1,1
mission shaft modi taking credit success,1,1
mission shaft successful india shot live satellite say narendra modi india news gang cup get foreign friend come,1,1
modi bc foolnehru divided india divided gave china disregard sthash hand base army,0,0
modi aaj tak agenda ndtv aaj tak amp news bjp agenda chalk race international agenda,0,0
modi set return say nagaland neiphiu rio,0,0
modi cr partner,0,0
modi better previous former prime minister,1,1
modi betting reelection chance,0,0
modi biopic producer cite freedom speech clause election commission time india,0,1
modi cabinet clean,1,1
modi cheapened india word misgogynist behavior action huglomacy modi insult india,0,-1
modi deliberately know ppl going elect get rich converting potato gold,1,1
modi destroying india personal benefit,-1,0
modi doi kovi last letter something special,1,1
modi dont want give poor doesnt want alleviate he basically anti poor write loan corporate term lakh crore rupee showing problem poor country need modi anti poor youth farmer,-1,1
modi era india continue till rat india,0,0
modi factor ever people may believe ground,1,0
modi fail many area like education farmer industry economics unemployment woman empowerment safety back,0,0
modi fear looking election pakistan phobia hysteria,0,-1
modi full form,1,0
modi god mean currently anything india powerful like smoke weed parliament supporter would claim tribute lord shima born india period comment,-1,1
modi good yoga commit tutti mouth,1,1
modi govt,0,0
modi govt ensured middle class save plan invests via namo app,1,1
modi govt even destroyed existing job job per day destroyed alone contrast upa govt generated job year,0,-1
modi govt passed amendment sgp act appeal order punjab haryana high court pending supreme court cant abolish article issuing presidential notification matter pending court double talk double face bjp,1,1
modi govt accelerate action taken corruption get jailed soon possible cant come parliament cost continued,1,-1
modi govt bring new act inter religious marriage guy sold accept faith girl change name girl namethis done officialsthe best stop lovejihad,1,1
modi govt affordable medicine scheme fails second audit le year reprint,-1,-1
modi strong political hal made capable making good aircraft like rafael,1,1
modi betrayed people country completely changed agenda mandated occupy chair prime minister called treachery failure,1,-1
modi changed handle chowkidar skywalker via pakistan insider,-1,0
modi completely lost sens enjoy last day centre,1,0
modi damaged reputation armed force exposed world recent air defense badly got exposed weak world know,-1,-1
modi great sense recognizing people thrown boot linking attitude,1,1
modi helping elite class intention help poor people,-1,0
modi sabha swath sabha visa agenda along impetus confident stable secure india angered fastest corrupt break india force want insert spoke governance wheel therefore every vote significant another term absolutely necessary,1,1
modi insulted veteran leader like advance letting contest lok sabha poll around kejriwal,0,0
modi daily shah r support nya answer simple question ifs but,0,0
modi kickoff campaign tomorrow visit day one ram madman read story,0,0
modi laughing stock last moment year missile great sympathy,1,1
modi likely get clean chit address country mission shaft,1,1
modi make surprise visit pakistan attends nawazs granddaughter wedding veg menu,0,0
modi pumpkin sir one better modi best leader nation well world really thankful also busy person ever great adviser like,1,1
modi carat karate karate ine made game desk carat karen page,1,0
modi chowkidar baakidaar,0,0
modi people spent life time saving buying room apartment jaypee wishtown didnt ask govt give free ensuring governance jayprakash gar manor gar collected money delivered nothing action taken year,1,1
modi please help,0,1
modi power full government,1,0
modi powerful men india leadership safe country india pray god next modi modi god india modi,1,1
modi predecessor without exception politician failed continue jet airway airtel idea com tata index,-1,1
modi promised every account hua nhi,0,1
modi promising something certain time showing bit nose,1,1
modi pumpkin,0,0
modi rafael choir paid gay aur god medium defending making news it sad shame god medium,-1,-1
modi ruthless destroying ecosystem loving,1,0
modi saka failed job per year,-1,-1
modi say telangana government letting people state enjoy benefit scheme,1,1
modi shocked watch scene,-1,0
modi continue indian need election fill rajyasabha bjp candidate get bill passed good election cancelled,1,0
modi claimed shoot satellite firing one missile claimed ballot hahaahhaa,-1,-1
modi time clearly appears big dumb,-1,0
modi support,0,1
modi root never cut,0,0
modi third class government credit choir surprising,-1,1
modi want believe economy booming post india economic basket case,1,0
modi want hide data show bjp govt failed creating job,-1,-1
modi handed huge opportunity sad thing refused listen heartbeat country arrogance came fight soul nation choice clear,1,-1
modi make power ful country universe,0,0
mode constituency wildlife sanctuary quietly erased via,0,0
attack done modi election coming modi india self destruction,1,-1
surprising modi medium utter single word soldier lost life helicopter shot india could highlight modi disaster ultimate lead end politics warmonger modi,1,-1
visceral hate borderline voter switch strengthening modi hand transform india,-1,1
must chordesai blinded modi hatred must plundered,0,-1
must drop one man army varanasi let modi loss sleep,0,-1
must watch modi face india,0,0
name think modi dad officially legal illegal son chowkidaar choir hai,-1,-1
namo india modi india bjp govt,0,0
namo implausible else que modi,0,0
narendra modi address important message shortly,1,0
narendra modi already seat uttarakhand meet,0,0
narendra modi visit gujarat march,0,0
narendra modi vowed bring back black money smashed foreign country billed nda voted power yr money,-1,0
narendra modi best prime minister,1,1
national security decisionmaking takeninhuff procedure wonder modi bundled throughout whether demonetisation gst ballot,1,1
need keep silent india going good modi leadership,1,1
need required react brain child idea appear election nearing coming day may come strategy wipe pakistan world map came power reply modi surgical strike,1,0
need explain approval scheme may announcement election result swearing modi govt urgency proved swamp right doubted integrity,1,1
near liberated india thats modi credit go near making,0,1
never ever moon exposed badly chase hai modi marine,-1,-1
new drama loose public faith mat bona modi karwaya,1,0
next rate cut rbi might announced modi,0,0
next surgical strike modi education mafia,0,0
nice hear defeating modi one prized possession,1,1
modi bad taste scientist achievement,-1,-1
mislead question modi need consult election commission address answer get biskoot,0,0
modi supporter working hindi belt definitely,0,1
niei mayor look scheme modi shah jailed tenure zero trust thug data also need data authenticated republished,0,0
modi hence absolute patriot,1,0
bjp lose gujarat election yay,0,0
shri modi equated india would paper named time modi,0,0
mucheverywhere mode pic,0,0
observe nearly ppl twitter chowkidarsout ppl twitter account bjp official member common people become chowkidars canvassing modi become mode phenomenal,1,0
obviously scripted area asking rafaeljobsfugitives national security modi asking important like oil modi us many vote modi eat whats cost ticket foreign disappointed,1,1
course bro modi politics using cast till date like family still nobody know caste thats history,0,1
oh not doo kerala newspaper hot topic sent modi,1,0
ohio doesnt modi give safe vadodara show ball,1,-1
become r member next generation always supporter bjp fan bjp leader enjoys maximum political clout party modi happened person surprise smile logic,1,1
one thing commendable bjp good organizing huge rally impeccable planning ndtv showed minute detail taken care rally,1,1
one country doubt narendra mode patriotism one question live,1,-1
one able defeat modi sure cheap politics win election pretty sure people vote people fool win election,1,1
mit shah modi removed would voted bjp,0,0
scientist modi right akshay,1,0
opposition sailing rudderless modi tsunami,0,0
ops didnt know background surprised see good margin definitelymodi wave cheat guy changing party like chameleon change color,1,1
option order optimism ballot evidence another similar strike mandir ahin banaenge nav modi etc chowkidar duty everyone vote random speech beauty democracy,-1,1
arunachal beautiful body want book worse road conditionsonce modi expecting modi govt something good arunachal pradeshjai hind,1,1
kid financial sector assured give gold free every newly married couple submitting marriage certificate kid get elected order jewellery shop india give gold free newly married modi created fund,1,1
prime minister india start payment isbn salman night feb waiting till isbn salman night payment want request chief minister yogi prime minister modi,0,0
owed crore government recovered croresays modi india action vijay mall,1,0
pat back pity think others angular cap like modi intelligent enough judge good,1,1
para proved jump modi,0,0
people given job right live live country however long given one pledge continue modi nation safe hand hardworking like modi,1,1
people india need learn term white man burden whether pro culture anti culture shit whenever white appropriate indian culture sermonises indian nonsense indian going way indian think,-1,-1
photoshopped image show muslim woman holding placed supporting modi alt news bust claim,1,1
please naive thinking modi plan announcement election mind ridiculous,-1,0
please watch video see misinformed guy understand democracy woman parliament thing know modi please vote wisely need leader puppet,1,1
pls check video modi didnt promise lakh however comparative analysis black money brought back every indian get lakh economist view every lakh credited every individual economy collapse,-1,-1
pls promote using tweet fit pro modi tweet,0,1
pls send full video modi promised lakh,1,1
plus modi every year,0,0
pm inform narendra mode address nation election commission top following law,1,0
prime minister narendra modi kick campaign election let get opinion maker academic scholar support sign petition click know,1,1
producer sand singh sing namo namo song film narendra modi,0,0
proof modi agent,0,0
protest unequal injustice bjp push dumb face intelligent entire pol degree holder modi faced,1,-1
proud indian proud leader like modi,1,1
proud completing assignment two day deadline also congratulation sir three modi helping reach moment achievement,1,1
proud prime minister narendra modi,1,1
question whether bjp politician much power question cant refrain cant follow modi already situation good bengaluru south bjp top making worse act,1,0
rafael choir modi heavily misusing dept opponent mara cheat modi poisonous snake crushed kick choir modi save nation institution,-1,-1
read article may notice criticise modi taking new economic direction always good idea read carefully,1,0
really think pak dumb attack accept minutesthis mode plan getting votesindia proof rather saying pak accepted female sign burnt fire burning home,1,-1
reason gst good simple tax series reason vote modi explained favourite topic gst,1,1
reason revolution telecom sector series reason vote modi explained revolution telecom sector know watch video need spend almost today,0,0
remember election modi eps govt people clear see change centre well state let wait result till may,1,1
right epicenter election modi like india,1,1
right near era india raj modi rule electionwinning slogan played key role rural distress woman young voter play key role see complete report today nadu news paper,1,0
sacked bef japan contest modi,0,0
sacked bef japan say contest poll modi varanasi lok sabha election hindustan time,1,0
senior bjp leader uttar pradesh dubbed party leadership gujarat thug reference narendra modi party chief mit shah hail gujarat,0,1
shameless modi call chowkidaar,0,-1
shankar reply modi,0,0
vote modi lakh optical fibre laid gram panchayat connectivity,0,0
bihar bjp chief,0,0
shri really intriguing seriously ill bjp leader manor parrikar sushi swarajarun jailed brewery accommodated modi cabinet hale heart talented tried experienced upright administrator,1,-1
shut dont time mental people india delhi aap party ditched anna hazard founder member revolution loyalty keep pocket india need modi topic endsdid mom tried others giving chance right,1,1
side effect modi magic,1,0
simple google search see black money recovered much promised still recovered upa sign real time data deal tax switzerland nda,-1,1
singh write one line criticism modi article criticising vice versa modi power last time checked,0,-1
sir modi jailed deserve expulsion govt chaos chaos big misnomer cant imagine honest officer harassed family ud thru suffering poor worker due demonetization,1,-1
sir lost job last year due demonetisation searching job kidney function dialysis requested sir please help send message leader tweet modi also reply,-1,1
sir vote trs help mp cr cant become third front stupid idea many know please dont support modi guy win small request first time voter,-1,1
sir also role modi biopic,0,0
sir want create nav modi blame opposition tactic old indian citizen bring something new attract peoplebut guess even wont happen,1,1
spirit happens modi wanted someone raise voice problem karnataka senior leader lost sheen inevitable,0,-1
shortly kept modi option even kept would credit namo scientist,1,1
smell defeat opinion about sing modi dropped bjp assembly,0,-1
people complain modi cured hemorrhoid cancer democracy,0,-1
someone hate fact abhinandan back instead appreciation gesture returning brave pilot reduce rising tension indiana relation bjp would rather sacrificed hoped endash upon martyrdom electoral,1,1
something read modi mantra forget cache din fear terror pakistan muslim writes theorist,0,-1
soon become terrorist free state modify primeministership thanks modi,1,0
sorry disagree better oratory skill many seasoned politician today threat modi line,1,-1
still remember colleague saying mode coming power mean end educated cream society doctor,-1,0
still follow blind chart guess modi fuck chart,0,-1
difference modi shah black shadow modi shah cup modi mit shah ideally would worse administrator like shah,1,0
backup interview menu serious note without going merit claim modi making supposedly right thing exclude wrong,-1,-1
swamp warned early stage show gate modi much jaitleys impression fix thing,1,0
team bjp wear adult pampersit flop show modi,1,-1
tejasvi sure make much sense communism wanting people remain poor distribute poverty communism pitting class people modi trying unite different class rich giving subsidy enable lpg poor,-1,0
tejaswi still remember coming canvassing modi way back january krishna rao park contestant wow amazing journey,1,1
tejaswi sure new chowkidar modi new feather cap bjp,1,0
televised address narendra modi said india shot loworbit satellite,-1,0
terrorism ispakistans national game adventure spite america warning denied indian dossier detailed location terrorist camp problem chinook copper byosama bin laden killed pakistan,-1,-1
thank god india done rest channel praising modi mockery,0,1
thank god least leader serious issue good move modi,1,1
thanking modi jee briefing great achievement,1,1
completely flummoxed hack chip noble prize guaranteed hack there vulnerability chip unless deliberate impossible political party help fact modi cong team height conspiracy imagination,-1,1
must repeated often sir block qualify vicious modi virodhi campaign frustrated opposition party,-1,-1
reason narendra modi contested constituency last time right,1,0
thats vote modi,1,0
most many antibody bios thing made work face risk unlike even army like face war situation may hence like modi mean patriotic connect conjectured,1,0
aim shri mariner modi remarkable present taking work public interest,1,1
biggest difference bjp party whoever separated bjp nowhere people separated party created another another power centre called faith people bjp modi,-1,1
committee paper submitted senate committee house said lakh pakistani lost job automobile sector alone due mode policy modi put stringent measure pak export median lost job,1,-1
echo chamber dot live copy even know often modi follower criticise govt fit agenda see,1,0
freedom movement fought r modi,0,1
government say go two consisting adult room period hell bothered stance lgbt right moon sanjay jha raised issue,-1,-1
hindu using name karachi else bent towards leftist,1,0
modi govt tweaked way calcium gdp like famous india rope trick one register percent growth economic indicator going southward famous india rope trick,1,1
question narendra modi warned eat biriyani,0,0
constituency field bjp rebel make bjp bjp happy hating modi,1,0
way thinking modi cleared bank due,0,0
scientist would made announcement common man would learntheard tech term would inspired many studyresearch subject modi abt propaganda hate falsehood one learn,-1,-1
south asian giant becoming religious authoritarian state threat million muslim also country unity integrity time,1,0
way someone senior office told indiraji aur ada fauna that thi ruling party modi such,0,1
perception bjp uppercase party potentially explosive situation likely create huge upset indian politics enough make bjp nervous prime minister modi sweat,1,1
shocked listening modi today,-1,0
confused hate modi,-1,-1
nothing talk last year economicsfarmjobssmart city whatever modi put family japan asking body terrorist,0,-1
modi logic,0,0
say modify listened man boat instead washing foot would conforming anything modi medium photo,1,0
think modi influenced refer symbol,0,0
think modi wrong other strong power,1,0
think people working modi inside banana would perfect intend loose kingur time bjp forget winning kingur time,1,1
think showcase gujarat important bjp given modi fighting,1,0
couple belgium special poor sworn rathotsava name mantralayam sri raghavendra swamp temple praying mode success nation welfare,1,1
dictator like regime wont lasting known fact modi doesnt like take question criticism frm party membersruns govt willful mp like idolsrest like jaitleysmriti membersrejected ppl,1,1
election modi pakistan china sponsored mahamilavat,0,0
go show weak strong side happens mode watch imagine would happen opposition,-1,0
giriraj sings look like english version retreating line anti modi anti india english,0,0
example much respect modi promise floor parliament said ensure farmer sell crop msp govt duty ensure get msp result see,1,1
mean know modi done nothing year say lot mood nation chowkidar know common man surely know,1,1
rate modi win cb match,1,1
difference strong weak government india need strong one populist one ordo chief mission shaft upa give nod modi courage india news indian express via,1,1
org gave active working charge free ppl india like narendra modi manor parker within gadkari many know muslim ppl wanna hide indecsencies world misleading india saying r also,1,1
time lok sabha seat one candidate modi keep mind press lotus,0,0
true indian culture adopted thanks modi made sir visa guru,1,1
ive saying along modi puppet businessmen diluted rule help copy plunder country thanks consolidating thread,1,1
hustle mummy,0,0
saying taking credit iso never got attention upa govt modi government granted budget iso budget first month,1,1
love country never nation first modi must vandematram,1,1
link know something modi policy,0,0
time modi start lacking flower petal come varanasi come come varanasi come,0,0
today india establishing strength becoming successful establishing chowkidari space people feeling upset modi,1,1
today see question someone otherthan modibjp,0,0
total seat bjp seat came karnataka time karnataka congjds vote share modi winning,1,1
trick modi succeed,0,1
triple talk nrc etc many step taken modi marker show modify vote raajniti nazi karate,1,0
true laboratory capability capability practically tested march destroying space satellite need political available upa modi,-1,0
twitter buddha mode quote,0,0
twitterati went tiny today hour modi tweeted addressing nation shortly one best tweet modify such hint bunker tara haven atm tara,1,1
two week india start voting modi predicts easy victory,1,1
typical bath speak dont hear context full sentencehow mr shri teleprompter modi strength meaningless acronym climate change changing jio university level sarah share btw job smart city,-1,1
understood modi popular wont win get back business think win,1,-1
use honorific prime minister take name worthless hack india news narendra modi say india shot loworbit satellite,-1,0
close friend beneficiary mura young prior didnt financial resource pursue dream job owns workshop office always thank modi government,1,1
soon jump sat designed near assembly done near launch done near happened cause radio got computer phone modi resign,1,-1
vote bjp vote find hai vote,0,0
vote modi,0,0
wait modi,0,0
gst exclusive tamilians stop talking non sense scheme far modi done india tamilians want watch movie without paying tax country still want country prosper,1,0
watch cyrus breach interview vive omberok playing narendra modi amusing spoof,1,1
watched prime minister shri narendra mode interaction people bjp office rajouri,0,0
week first phase polling set tone modi whats take,1,0
welcome modi,1,1
well comet assam modi proud moment gohpurian,1,1
well come say feel like victory far modi electoral strategy pick fight across border rather focused delivering promise,1,1
well modi repeated satellite worth whole cell making pic satellite modi ordo never suit indian,1,1
well think people quite familiar election joomla kind similar modi difference made plausible,1,1
well thats great plan straight away question still stand tall dont money buy rafael fulfil promise modi collected enough tenure one que collected tell didnt anything,1,1
torture lynching daily beating killing muslim india due nazi racist ideology bjp modi coming power lead indian civil war save nation vote people want unity peace thirty blood,-1,-1
care stuff starting get gossip let see something substantial trump get attention,0,1
escape velocity modi could elaborate,1,0
election commission formal announcement national importance modi saying triggered missile destroyed satellite,0,0
happened kicked modi biopic money stake,0,0
kind uncut beast thesegod save nation modi,1,1
narendra modi group dancer doingfor last year everyone arena naked,0,0
go pakistan liberal congo say conduct strike pakistan liberal congo say want peace solve issue peacefully talking modi warmonger typical liberalhypocrite,1,1
mnc intl corporation show loss mrt value first fired ceo economy risky currency value low job time fire modi indian govt ceo,1,-1
modi announces important message deliver,1,0
spec venom modi ppl tend like modi even witness hypocrisy,1,1
modi give lack everyone promised stop floating cheap handle bjp wing,1,0
year wrt politics suddenly join overnight start badmouthing modi need say stand nothing show except demeaning arrogant sense entitlement,1,0
modi first find never know nav may put bet apple time,1,0
criticizing modi marketing wife marketing husband articleshow hypocritical,0,-1
whilst modi lead india new dimension international stature opposition behaves like still got get used puberty hormone driven mood pant,1,1
modi truth mean dont want see progress country encourage corruption type merit also corrupt person doubt,-1,1
care common man street file police complaint modi lying blatantly rally rally deserve idiot rule,-1,-1
neglected region honest change make virtue gross negligence lakh wayanads thanks modi getting attention meth still boondocks speaks volume familia stu,1,1
politician india insensitive call bad much ask dignity self respect recognition people even constitution say state responsibility ensure freedom dignity people someone representative state shameful,-1,1
church islamic moon cryingmodi closed illegal ngo,-1,-1
dont lift modi space sriharikota become first country world send prime minister outer orbit idea,1,0
feel modi government big plan vi vi nature relation rest country,0,0
need conduct election know modi one save lot money investment election utilized army public benefit think,0,1
padma vibhushan best political liar,1,0
removing single point agenda people,-1,0
modi get credit ballot strike asks rajnath singh punjab star,0,0
fuck question death saffron terrorist country care every death prakash raj entitled pick choose battle let asshole bjp bark want sue shit sagvis show taste medicine,-1,-1
asking modi told modi came ride important leader home dept done work usual government came work always pulling,1,0
think modi govt catering foreign interest whether financial enslavement india stabilization country enabling surveillance citizen wrecking economy spreading hate violence helped,-1,-1
join modi app main bhi chowkidar souvik,1,0
narendra mode announcement prove biggest gamechanger,1,0
vote modi,0,0
demonetization modi removed black money india put bjp account charging per cent conversion commission black money spent bjp office land contesting lavish election across country,-1,0
modi mit shah top expect mission shaft least every week opposition disarray stamped chanakya next,1,0
resounding success modi govt uae securing extradition jail etc case pagoda high time modi govt get national herald in case august andhra case shifted court uae,1,1
current mute eci look free code misconduct modi gang,1,1
upcoming election india saga going important pair look current modi lead govt elected deal brexit combination weekly look juicy bear imho,1,0
wow great modi ii always support our decision always right helpful public,1,1
wtf typ people support modi proud anti modi,1,0
yeah modi best voodoo,1,1
yeah r welfare organization muslim lynched modi gujarat remember,-1,0
yes indiawithnamo modi modi,0,1
yes modi waiting april change state government also waiting bjp govt power place country position happen bjp government,0,1
yes sir modi,0,1
yes sir indian india vote modi,0,1
yes sure going happen regarding extradition nav modi malaga possible india extradited lok sabha election result,1,1
yesterday karnataka said effort iso ordo credit modi routine work today say ride made modi responsible two day dual talk single mouth,1,1
yesyou right modi government,1,0
modi biggest thief indian political history,0,-1
modi antiindia exactly inspirational fascist,-1,0
saying modi make happen thanks,1,1
asked scientist didnt announce take answer face modi didnt take credit dept space atomic energy portfolio right announce,1,0
question modi added irish alan le never spent farmer welfare,1,0
dont give credit modi modi answer international community hypocrisy,0,0
guy know score wont vote modi,0,0
subtle anti bjp anti modi prodynasty called ration news reporter double agent scientist cannot exemption rational in way nothing illegal,-1,0
understand space ministry directly headed modi also guy upa didnt approve dado capability termnow want wish ordo applaud didnt approve back,1,1
piece shit anti india let modi destroy democracy india institution let use brave soldier political gain cannot fight corruption support modi modi corruption please question modi,1,0
tagged nail inayat tweet die hard supporter narendra modi,-1,-1
would one man army destroy india like modi never negative case pray loose election love country little hate misguided youngster,-1,0
logic good modi fekunomics india jan trade deficit widens billion trade ministry,1,0
missile mark better start calling modi later politician rather eminent historian,1,1
youtube bjp live namo app,1,0
ordo announced acquiring capability anti satellite missile today modi make announcement national prime election season take credit surgical strike wah modify wah,0,0
people must vote dmkaiadmk lose life totally mla united killed tamilnadu people every district dmy playing drama fighting aiadmk enjoying modi fund heavy fund allotted fund spent people welfare,-1,-1
modi journey common man trailer eros web series narrates modi journey,-1,0
true man ask modi accept game,-1,1
crush jaw shoutmodimodi say jds mla via,0,0
modi abandoned wife mother fled himalaya veracity still doubtful indian force entered lahore killed pak soldier,-1,-1
