bar congress marker,0,0
arguing long time indian state various political party done could throwing resource continue armed force shown exemplary restraint stone thrower terrorist need know india giving kashmir ever better give wet dream islamic caliphate sooner better everyone involved india growing strength strength keep long long time long pakistan economy drain long support resource dried long existence india still holding state,1,1
crore family get mean lakh per year gdp congress increase fiscal deficit current done higher deficit upa inflation increase,1,0
fourth amendment india long due ever since independence,-1,0
grandfather worked kabul back russia still around one executive engineer building hospital indian govt taliban rpg landed front yard sliced half furniture moved back india soon bombing indian embassy dude kept small table leg sliced clean souvenir,-1,1
recent cbi incident official directive government cbi reported newspaper make sure government image vanished think second transparency justice buzzard public image first priority optic government everything else come later,1,1
government congress plus cow put better though used eat pulse vegetable much lower price crude double,1,-1
want listen journalist fake expert sewing bullshit tune news channel right mindless chest jumping annoying report simple news fact,-1,-1
rahul like telephone communicate,0,1
asaduddin alleged major lapse government part terrorist carrying rd slipped security measure manage kill ref troop,-1,-1
still able calculate amount black money recovered due demonetization,-1,0
congress raise halt band rabbi main,-1,0
congress baba,0,0
deep malik created history silver medal rio paralympics,0,1
dial deepavali indian subreddit root,0,0
economic question le indian people paying tax helpful decrease number confused shouldnt try increase number tax player decrease,-1,0
india open delhi lakh china europe route help delhi beijing delhi mumbai europe route longer airport delhi hardly affected,-1,1
indian constitution guarantee equality citizen family higher lower family,1,0
let see support soldier pledge fake nationalist would rk right,-1,0
next yogi yaman political winning capability boat chal rai hai nazi kon alpha aur kon burn pagina seek,1,1
congress corner govt support nya,0,1
priyanka gandhi hint contesting vanarasi robert vara serious,-1,0
rahul gandhi chance santa hai sure unite people bridge communal harmony back,-1,1
right three young boy talking loud among subject ripped apart dont take generation granted yes agenda meta bharat than,1,0
robot sleep insert cable charge work master aur paper,0,0
socialism sound good start asking people feel marxist socialism,1,1
way measure nationalism self sacrifice,0,0
poll starting western since lot muslim campaigning concentrate development initially voted shift focus religion,0,0
trying project maroon,0,0
went take shit came back saw one mig helicopter crashed budget pdf plane violated airspace pak medium saying crashed dropped bomb indian saying nothing happened man even take shit without shit happening,-1,-1
hell gras travel show channel suddenly heading pakistan cannot say improved security situation since around got nothing even,0,-1
yeah saliva coming parent mouth,0,0
