aam hunter want mai gunn,0,0
finance major graduate looking move wherever forefront innovation china germany israel currently top target america glad see india looking around,1,1
sad violin music late never give never give,-1,-1
step sono nato italia genitori stranger sono diventato cittadino italiano compliment dei anni mai auto lesson tipo problem auto sense opportunity√† dei mini mini italiani italia bison astro quest una legged intitle wow graze per downvotes,1,1
think damage done congress become hindutva become hinduized party following suit edit congress soft hindutva long time part reason situation,1,0
think timing sacred game right could made congress power even censor ban still aired internationally,1,-1
political science major none job,0,0
thanks near building iso instead statue thanks congress investing iso ordo instead cow,1,1
brilliant piece alo rai democracy nationalism,1,1
congress leader hire bounce gunman guard la bounce gunman hired guard congress la never seen election intense lifetime lol,1,1
congress main cause poverty india,1,-1
failed govt failed prime minister need shown door maroon abdullah via,-1,-1
fuck mp general man odd opposition general needed voted favour congress tmc combined could gotten bill introduced fucking disgusting,-1,-1
disappointing homeopathy load bullshit surprised though growing always heard parent relative talk thought medicine later looked realized much bullshit,-1,-1
india joke rahul gandhi hit one crore job lost ndtv,0,0
late excuse hurry want see resurgence hindu end,-1,0
let see election congress succumbed le seat,-1,0
low sang read real history patel ready offer kashmir pakistan return junagadh hyderabad accession india bandit near opposed,1,0
maybe people like opinion result country becoming democratic common people powerful ever large chunk conservative hateful right also huge silent majority admire loudmouth right approve activity almost universal truth find evidence angola america give people enough power try kill select populist monarch turn slave thus ending trace democracy,1,1
miss lambda lambda line wall,1,0
rahul election,0,0
seek bail court hearing via,0,0
seriously subscription feed full bbc milling view attack busy painting muslim deepest victimhood paint possible care community get abused,-1,-1
shout fellow geography major dozen dozen,0,0
take dig congress gareebi data slogan follow live update watch live,1,0
texture lower quality well see jagged pixelated look line detail hope least get attention,-1,1
clearly show major chance failing previously people boast permanent government lost rule,-1,0
scheme increase employment education standard living equality,-1,0
late still people become politically correct le tolerant world slightly le fun place live,1,1
unprecedented decision model code conduct force caretaker government transferred enforcement directorate official,1,0
atari data fate india etal unavoidable,0,0
expert like board along manifesto really seem double unlike team inexperienced advisor,1,1
black small square rahul gandhi,1,0
